,,,Trichoptera,Ephemeroptera,Trichoptera,Plecoptera,Amphipoda,Trichoptera,Ephemeroptera,Trichoptera,Trichoptera,Turbellaria,Coleoptera,Trichoptera,Trichoptera,Trichoptera,Proseriata,Megaloptera,Trichoptera,Coleoptera,Lumbriculida,Gastropoda,Diptera,Amphipoda,Diptera,Amphipoda,Gastropoda,Lumbricida,Gastropoda,Trichoptera,Gastropoda,Trichoptera,Polychaeta,Bivalvia,Gastropoda,Plecoptera,Diptera,Hirudinea,Gastropoda,Hirudinea,Isopoda,Gastropoda,Diptera,Odonata,Bivalvia,Hirudinea,Amphipoda,Tubificida,Gastropoda,Bivalvia,Hoplonemertea,Gastropoda,Tubificida,Tubificida,Parachela,Hirudinea,,,,,,,,,,,,,,,,,,,,,,,,,,,,,,,
Site,Time,Reference,Brachycentridae,Ephemerellidae,Lepidostomatidae,Nemouridae,Pontoporeiidae,Apataniidae,Ephemeridae,Helicopsychidae,Limnephilidae,Dugesiidae,Elmidae,Hydroptilidae,Leptoceridae,Phryganeidae,Plagiostomidae,Sialidae,Dipseudopsidae,Haliplidae,Lumbriculidae,Ancylidae,Ceratopogonidae,Crangonyctidae,Empididae,Gammaridae,Hydrobiidae,Lumbricidae,Lymnaeidae,Molannidae,Pleuroceridae,Polycentropodidae,Sabellidae,Unionidae,Viviparidae,Caenidae,Chironomidae,Erpobdellidae,Planorbidae,Aeolosomatidae,Asellidae,Bithyniidae,Chaoboridae,Coenagrionidae,Dreissenidae,Glossiphoniidae,Hyalellidae,Naididae,Physidae,Pisidiidae,Tetrastemmatidae,Valvatidae,Tubificidae,Enchytraeidae,Macrobiotidae,Piscicolidae,LAT,LONG,Depth,Alk,DO,pH,T_bttm,TKN,N.NO3.NO2,TP,TN,TP.Sed,TOC.Sed,LOI,Clay,Gravel,Sand,Silt,PSize25,PSize75,Psize_mean,Al2O3,CaO,Fe2O3,K2O,MgO,MnO,Na2O,P2O5,SiO2,EPSG
104,1,0,0,0,0,0,0,0,121,0,0,0,0,0,0,0,0,0,0,0,0,0,0,0,0,0,0,0,0,0,0,0,0,0,0,0,3860,0,0,0,0,0,0,0,0,0,0,1870,0,0,0,121,15320,0,0,0,41.966,-82.95,8.6,83.8,10.12,8.28,15.4,0.16,0.247,0.0117,2040,743,1.5,15.1,7.457,0,7.703,84.84,29.455,9.238,15.351,8.9,7.5,3.8,1.8,4.3,0.04,1.5,1,50,4326
110,1,0,0,0,0,0,0,0,0,0,0,0,0,60,543,0,0,0,60,0,844,0,483,0,0,0,2111,0,0,0,0,0,965,0,0,0,7660,60,0,0,0,0,0,0,1508,0,1628,2593,0,121,422,5006,7057,0,0,0,42.315,-81.88,1.5,77.8,10.39,9,15.9,0.49,0.005,0.0169,650,348,0.4,3.9,0.301,0,69.081,30.081,120.758,40.412,69.427,10.1,3.6,1.4,2.1,1.1,0.01,1.5,1,71.5,4326
114,1,0,0,0,0,0,0,0,0,0,0,0,0,0,0,0,0,0,0,0,0,0,0,0,0,0,0,0,0,0,0,0,0,0,0,0,3860,0,543,0,0,0,0,0,4282,0,0,0,0,2593,0,0,17129,0,0,0,42.3,-81.817,13.5,85.3,8.73,8.25,18,0.14,0.334,0.0194,670,855,2.14,14.2,37.38,0,5.86,56.76,21.02,1.47,7.28,10.26,8.76,4.41,2.32,3.52,0.16,1.06,0.21,53.42,4326
115,1,0,0,0,0,0,0,0,0,0,0,0,0,0,0,0,0,0,0,0,0,0,0,0,0,0,60,0,0,0,0,0,4101,0,0,0,9228,0,0,0,302,0,0,0,121,241,0,241,0,603,0,724,8384,0,0,0,42.333,-81.817,11.9,93.4,9.05,8.1,16,0.46,0.067,0.0181,1790,965,0.8,14,3.823,0,57.691,38.486,207.016,22.219,65.784,9.2,9.2,3.8,1.8,3.6,0.08,1.5,1,51,4326
1203,1,0,0,0,0,0,0,0,60,0,0,0,0,0,0,0,0,0,0,0,0,0,0,0,0,2051,0,0,0,0,0,0,0,0,0,0,5066,0,0,0,0,0,0,0,0,0,0,181,0,1387,0,0,4162,0,0,0,44.814,-80.067,18,72.8,8.8,7.81,11.9,0.12,0.246,0.0074,1190,2110,1.04,4.72,14.74,0,32.54,52.72,80.4,8.2,32.43,13.99,4.58,4.79,2.81,2.32,0.09,3,0.21,64.18,4326
1207,1,0,0,0,0,0,0,0,362,0,0,0,0,0,0,0,0,0,0,0,0,0,181,0,0,0,0,0,0,0,0,0,0,0,0,0,7419,0,0,0,0,0,362,0,0,0,0,2955,0,0,0,0,2292,0,0,0,44.783,-79.939,7.7,75.8,9.38,8.24,17.2,0.29,0.055,0.0112,6150,1210,5.8,16.4,0.955,0,3.646,95.398,26.132,11.465,17.233,12.5,2,6.6,2,2,0.15,1.5,1.5,46.8,4326
1208,1,0,0,0,0,0,0,0,0,0,0,0,0,0,121,0,0,0,0,0,0,0,0,0,0,121,0,0,0,0,0,0,905,0,0,0,0,0,0,0,121,0,121,0,0,0,0,1568,0,3197,0,241,844,0,0,0,44.807,-79.932,15,73.2,6.4,8.4,16,0.37,0.04,0.0211,6600,700,5.38,21.73,29.48,0,2.09,68.42,15.49,2.91,7.76,11.51,2.32,6.02,2.5,1.93,0.1,1.47,0.22,51.68,4326
1213,1,0,0,0,0,0,0,0,121,0,0,0,0,0,0,0,0,0,0,0,0,0,0,0,0,0,0,0,0,0,0,0,1086,0,0,0,302,0,0,0,0,0,724,0,0,0,0,121,0,0,0,0,1930,0,0,0,44.789,-79.825,13.3,69.1,9.14,7.92,18.52,0.29,0.012,0.0178,400,516,0.32,0.67,41.37,0,0.64,57.98,13.51,1.31,5,12.63,3.22,4.76,2.48,1.16,0.13,3.07,0.07,70.57,4326
1303,1,0,0,0,0,0,0,0,60,0,0,121,0,0,483,0,121,0,0,0,0,0,121,0,0,60,121,0,0,0,0,0,0,0,0,0,5911,0,0,0,0,60,0,0,543,0,0,0,0,302,0,483,3076,0,0,0,43.947,-77.019,13.5,87,9.49,8.07,13.5,0.25,0.252,0.0121,6100,757,5.77,22.64,28.08,0,0.96,70.95,15.71,3.38,8.27,10.88,9.39,4.25,2.47,2.05,0.08,1.24,0.39,46.46,4326
1313,1,0,0,0,0,0,0,0,0,0,0,0,0,0,0,0,60,0,0,0,0,0,0,0,0,844,181,0,0,0,0,0,181,0,0,0,2171,0,0,0,0,0,60,0,3800,0,0,181,0,0,0,121,3498,0,0,0,44.126,-76.832,20.5,87.5,9.22,7.98,13.6,0.24,0.255,0.0122,3280,1250,3.19,16.22,38.4,0,8.86,52.73,16.84,1.75,7.78,13.29,2.68,5.96,3.1,2.44,0.14,1.44,0.4,54.97,4326
1403,1,0,0,0,0,0,0,0,60,0,0,0,0,0,0,0,0,0,0,121,0,362,543,60,0,0,603,0,0,0,0,121,0,0,0,0,8625,0,241,0,3317,0,0,0,0,0,0,3981,0,543,0,2593,2895,784,0,0,46.276,-83.612,4.7,63.3,11.09,8.01,12.14,0.35,0.236,0.0044,3700,557,2.8,11.4,34.16,0,1.68,64.16,19.88,2.84,12.08,11.8,2.27,4.38,2.69,2.03,0.06,3.51,0.53,58.6,4326
1406,1,0,0,0,0,0,0,0,483,0,0,0,0,0,0,0,0,0,0,0,0,0,0,0,0,0,0,0,0,0,0,0,0,0,0,0,362,0,0,0,0,0,0,0,0,0,0,362,0,0,0,0,0,0,0,0,46.225,-83.808,8,47,10,7.5,15.4,0.14,0.294,0.0071,1208,272,0.88,3.72,34.61,0,54.29,11.09,93.82,1.61,22.8,8.37,1.23,2.69,2.12,1.04,0.06,1.51,0.07,79.53,4326
1410,1,0,0,0,0,0,121,0,0,0,0,0,0,0,121,0,0,0,0,0,0,0,60,0,0,0,60,0,0,0,0,0,0,0,0,0,11158,0,121,0,2774,0,0,0,0,0,0,724,0,3438,0,724,6092,0,0,0,45.938,-82.983,10,65.1,7,7.72,15.4,0.09,0.322,0.0056,920,458,0.86,3.54,5.8,0.99,93.18,0,249.92,100.02,170.36,8.38,1.52,1.88,1.94,0.96,0.02,1.84,0.13,77.92,4326
1413,1,0,0,0,0,0,1086,0,60,0,0,0,0,0,121,0,0,0,0,0,0,0,121,0,0,60,0,0,0,0,0,0,844,0,0,0,2352,0,0,0,0,0,844,0,0,60,0,60,0,1568,0,121,4101,0,0,0,45.858,-82.607,14,68.7,7.9,7.81,17.2,0.22,0.044,0.0079,3000,403,2.32,7.53,42.22,0,1.53,56.25,14.23,1.65,5.7,12.02,1.91,3.85,2.57,1.57,0.05,2.46,0.14,67.33,4326
1414,1,0,0,0,0,0,0,0,121,0,0,0,0,0,0,0,0,0,0,0,0,0,0,0,0,0,60,0,0,0,0,0,0,0,0,0,2895,0,0,0,60,0,60,0,0,0,0,121,0,1206,0,0,60,0,0,0,45.838,-82.57,11,79.9,6.2,8.3,17.9,0.21,0.073,0.0101,2581,646,2.26,8.73,65.62,0,0.79,33.59,5.46,0.77,2.7,13.97,1.77,5.02,3.19,2.25,0.09,1.85,0.14,63.73,4326
1508,1,0,0,0,0,0,1930,0,121,0,0,0,0,0,0,0,0,0,0,0,0,0,0,0,0,0,0,0,0,0,0,0,543,0,0,0,3800,0,0,0,0,0,0,0,0,60,0,483,0,2232,0,181,7600,0,0,0,46,-82.183,14.3,62.5,9.31,7.89,15.9,0.22,0.212,0.0047,7380,452,5.45,17.51,13.5,0,65.58,20.92,159.66,17.33,51.05,12.28,1.65,5.37,2.73,2.24,0.06,1.5,0.24,56.27,4326
1509,1,0,0,0,0,0,0,0,0,0,0,0,0,0,0,0,0,0,0,0,0,0,0,0,0,0,0,0,0,0,0,0,121,0,0,0,5368,0,0,0,0,0,0,0,0,0,0,905,0,663,0,0,362,0,0,0,46.001,-82.239,9,62.8,7.5,7.59,17.2,0.13,0.207,0.0067,3068,644,2.04,10.39,78.29,0,0.84,20.87,3.59,0.71,1.85,11.99,1.23,4.98,3.26,2.1,0.08,1.57,0.21,63.08,4326
1514,1,0,0,0,0,0,5911,0,302,0,0,0,0,0,0,0,0,0,0,0,0,0,121,0,0,0,0,0,0,0,0,0,60,0,0,0,7238,0,0,0,0,0,0,0,0,0,0,3076,0,1809,0,121,0,0,0,0,46.111,-82.287,12,60.2,7.4,7.17,16.1,0.1,0.235,0.0019,2024,987,1.8,6.76,39.55,0,12.34,48.11,19.54,2.08,7.17,11.99,1.97,4.17,3,1.77,0.14,2.21,0.16,68.25,4326
1515,1,0,0,0,0,0,3619,0,0,0,0,0,0,0,0,0,0,0,0,0,0,0,181,0,0,0,0,0,0,0,0,0,60,0,0,0,22979,0,0,0,60,0,0,0,0,60,0,663,0,1387,0,60,60,0,0,0,46.121,-82.21,17,61.2,6.2,7.6,15.7,0.14,0.198,0.0014,1327,443,1.77,7.14,52.19,0,18.82,28.99,20.15,0.86,6.28,13.19,1.92,4.47,3.04,2.06,0.09,2.28,0.17,65.39,4326
1601,1,0,0,0,0,0,0,0,181,0,0,0,0,0,0,0,0,0,0,0,0,0,0,0,0,0,0,0,0,0,0,0,0,0,0,0,181,0,0,0,0,0,241,0,0,60,0,60,0,0,0,0,784,0,0,0,44.802,-79.816,9.3,54.2,9.34,7.95,18.62,0.29,0.015,0.0131,2310,715,1.84,8.04,41.68,0,2.97,55.35,15.12,1.31,6.1,14.28,1.64,5.77,3.47,2.39,0.47,1.8,0.16,61.63,4326
1602,1,0,0,0,0,0,0,0,362,0,0,0,0,0,0,0,0,0,0,0,0,0,0,0,0,60,0,0,0,0,0,0,0,0,0,0,663,0,0,0,0,0,844,0,0,0,0,0,0,121,0,0,543,0,0,0,44.84,-79.847,9,70.4,7.96,8.28,19,0.29,0.021,0.012,4390,936,3.71,13.46,35.82,0,4.07,60.11,18.05,1.89,6.62,13.32,2.43,7.36,2.8,2.2,0.2,1.79,0.15,55.27,4326
1603,1,0,0,0,0,0,60,0,181,0,0,0,0,0,0,0,0,0,0,0,0,0,0,0,0,0,0,0,0,0,0,0,60,0,0,0,302,0,0,0,0,0,60,0,0,0,0,0,0,60,0,0,121,0,0,0,44.881,-79.885,13.8,69.5,9.05,7.95,19,0.28,0.087,0.0085,4790,948,3.89,13.36,38.77,0,0.7,60.53,13.54,1.63,5.78,13.09,2.46,7.31,2.71,2.12,0.17,1.92,0.15,55.34,4326
1606,1,0,0,0,0,0,0,0,362,0,0,0,0,0,0,0,0,60,0,0,0,0,181,0,0,241,0,0,0,0,0,0,121,0,0,0,2835,0,0,0,0,0,121,0,0,0,0,0,0,4765,0,0,663,0,0,0,45.05,-80.02,18,70.2,6.8,8.7,13.1,0.16,0.168,0.0058,2490,910,2.53,8.86,19.31,0,73.95,6.74,243.64,30.7,79.59,13.35,2.97,7.32,2.36,2.42,0.12,2.71,0.16,59.99,4326
1609,1,0,0,0,0,0,2774,0,60,0,0,0,0,0,0,0,0,0,0,0,0,0,60,0,0,121,0,0,0,0,0,0,0,0,0,0,2714,0,0,0,543,0,0,0,0,0,0,965,0,1206,0,60,905,0,0,0,45.306,-80.262,11,62.9,9.91,8.18,14.6,0.16,0.248,0.0038,3820,888,3.41,10.79,18.77,0,17.95,63.28,42.05,5.57,17.43,12.69,2.38,5.47,2.68,1.97,0.09,2.69,0.19,59.75,4326
1615,1,0,0,0,0,0,2533,0,60,0,0,0,0,0,0,0,0,0,0,0,0,0,0,0,0,0,0,0,0,0,0,0,60,0,0,0,603,0,0,0,0,0,0,0,0,0,0,0,0,3076,0,0,663,0,0,0,45.843,-80.742,10,67.6,7.4,8.9,13.1,0.2,0.129,0.0091,5500,700,4.85,16.54,64.66,0.68,0,34.65,5.94,0.7,3.57,11.42,1.77,5.38,2.43,1.99,0.11,1.43,0.13,56.45,4326
200,1,0,0,0,0,0,0,0,0,0,0,0,0,0,0,0,0,0,0,0,0,0,0,0,0,0,0,0,0,0,0,0,0,0,0,0,1448,0,0,0,0,0,0,0,6454,60,0,0,0,0,0,60,5911,0,0,0,42.587,-80.718,14.6,87.2,9.07,8.43,16.5,0.24,0.321,0.0342,833,792,0.19,14.96,29.36,0,12.59,58.05,24.1,2.98,10.62,9.74,12.21,4.05,2.39,3.75,0.1,1.55,0.18,50.73,4326
2208,1,0,0,0,0,0,0,0,0,0,0,0,0,0,0,0,0,0,0,0,0,0,60,0,0,0,0,0,0,0,0,0,0,0,0,0,1448,0,0,0,0,0,0,0,0,0,0,302,0,362,0,0,1930,0,0,0,46.146,-82.397,22,38.1,5.2,7.2,13.9,0.14,0.325,0.0122,1995,543,2.96,9.11,31.34,0,0.42,68.24,9.47,3.25,5.4,11.43,2.44,4.62,2.77,1.89,0.12,2.59,0.2,63.85,4326
302,1,0,0,0,0,0,302,0,0,0,0,0,0,0,0,0,0,0,0,0,0,0,0,0,0,0,0,0,0,0,0,0,0,0,0,0,784,0,0,0,2835,0,0,0,0,0,0,10555,0,2473,0,0,141375,0,0,0,42.514,-80.117,44.5,98.8,8.7,7.72,11.3,0.16,0.338,0.0077,1269,348,1.6,15.31,61.98,0,0.74,37.28,5.79,0.77,2.76,12.13,10.7,5.24,3.15,3.46,0.16,0.9,0.15,47.63,4326
305,1,0,0,0,0,0,0,0,0,0,0,0,0,0,0,0,0,0,0,0,0,0,0,0,0,543,0,0,60,0,0,0,1267,0,0,0,543,0,60,0,181,0,0,0,31484,0,0,60,121,422,0,60,1025,0,0,0,42.595,-80.195,7.25,91.2,7.95,7.8,13.6,0.15,0.102,0.0081,1301,161,1.2,10.59,21.67,0,54.91,23.42,217.4,5.49,38.36,10.61,4.91,3.34,2.35,1.79,0.05,1.58,0.11,57.42,4326
308,1,0,0,0,0,0,0,0,0,0,0,0,0,0,181,0,0,0,0,0,121,0,0,0,0,51568,2292,0,1508,2051,0,0,18154,0,0,241,30639,0,1448,0,0,0,0,0,0,3197,0,4222,6393,4041,0,12666,117310,0,0,0,42.633,-80.267,6,87.4,9.21,8.06,19.05,0.27,0.226,0.0095,412,667,0.44,12.18,10.12,0,9.52,80.37,40.14,18.42,26.21,8.74,11.81,3.07,2.03,4.07,0.08,2.11,0.26,55.29,4326
310,1,0,0,0,0,0,0,0,0,0,0,362,0,603,1930,0,603,0,0,0,0,0,60,0,0,1990,1930,0,0,0,0,905,9952,0,0,1990,37093,60,4162,60,181,0,0,60,16043,60,2413,5730,2232,0,0,422,9952,121,0,0,42.647,-80.346,0.4,107,12.08,8.14,14.08,0.6,0.023,0.0103,733,372,0.58,7.4,11.14,0,66.95,21.91,199.26,21.21,68.71,10.87,8.29,1.72,2.48,1.92,0.04,2.68,0.15,65.27,4326
503,1,0,0,0,0,0,0,0,0,0,0,0,0,0,0,0,0,0,0,0,60,0,0,0,0,0,0,0,0,0,0,0,0,0,0,0,0,0,0,0,0,0,0,0,60,0,0,41797,0,2051,965,0,27262,0,60,0,43.367,-82.001,33.9,79,9.75,7.73,8.47,0.16,0.304,0.0032,3140,688,1.7,13.8,0.533,0,10.651,88.816,39.766,15.895,24.418,8.1,6.3,2.8,1,4.8,0.06,1.5,1.5,53.7,4326
5106,1,0,0,0,0,0,6574,0,0,0,0,0,0,0,0,0,0,0,0,0,0,0,0,0,0,0,0,0,0,0,0,0,0,0,0,0,1689,0,0,0,0,0,0,0,0,0,0,0,0,724,0,0,0,0,0,0,48.504,-88.43,25.5,42.9,10.44,7.89,13.4,0.15,0.305,0.004,1330,658,1.1,5.65,21.46,0,28.39,50.14,101.68,7.11,35.59,14,7.16,8.13,1.68,4.33,0.18,4.07,1.3,55.7,4326
5109,1,0,0,0,0,0,181,0,241,0,0,0,0,0,60,0,0,0,0,0,181,0,302,0,0,0,60,0,0,0,0,0,0,0,0,0,10615,0,0,0,0,0,0,0,0,0,60,2413,0,1508,0,0,9891,543,0,0,48.468,-88.596,8.5,55.3,10.86,7.9,10.99,0.7,0.261,0.0218,756,589,0.3,8.65,41.581,0,3.911,54.508,20.05,1.283,12.536,11.9,7.29,5.58,1.39,4.76,0.1,2.06,0.02,53.5,4326
610,1,0,0,0,0,0,1568,0,0,0,0,0,0,0,0,0,0,0,0,0,0,0,0,0,0,0,0,0,0,0,0,0,0,0,0,0,965,0,0,0,0,0,0,0,0,0,0,60,0,362,0,0,663,181,0,0,44.969,-81.204,45.7,70.9,12.62,7.66,5.08,0.14,0.3,0.0033,2120,1020,0.9,21.4,10.743,0,8.063,81.194,29.938,9.158,14.615,8.9,10.9,4.1,2,8.4,0.18,1.5,1.5,39.1,4326
700,1,0,0,0,0,0,2352,0,0,0,0,0,0,0,0,0,0,0,0,0,362,0,0,0,0,0,0,0,0,0,0,0,0,0,0,0,121,0,0,0,0,0,0,0,0,0,0,0,0,603,0,0,60,362,0,0,44.774,-80.886,32.1,75.3,12.73,8.12,6.6,0.1,0.288,0.0054,590,1000,0.24,14.51,43.12,0,9.43,47.45,17.7,1.02,6.73,11.19,9.87,5.37,3.65,4.74,0.18,0.12,0.19,48.1,4326
702,1,0,0,0,0,0,0,0,0,0,0,0,0,0,0,0,0,0,0,0,784,0,0,0,0,0,0,0,0,0,0,0,0,0,0,0,1508,0,60,0,0,0,0,0,0,0,0,1870,0,905,0,60,5489,0,0,0,44.639,-80.891,27.95,71.6,9.62,8.1,18.5,0.12,0.348,0.0074,163,535,0.31,2.34,24.45,0,3.6,71.95,21.77,4.02,10.52,9.64,3.28,2.48,1.81,1.66,0.06,2.75,0.09,73.55,4326
707,1,0,0,0,0,0,0,0,0,0,0,0,0,0,0,0,0,0,0,0,60,0,0,0,0,0,0,0,0,0,0,0,0,0,0,0,0,0,0,0,0,0,0,0,0,0,0,0,0,60,0,0,60,60,0,0,44.817,-80.749,64,70.4,12.28,7.63,4.44,0.13,0.301,0.0038,1890,1040,1.4,10.4,12.185,0,3.246,84.569,24.994,6.705,12.072,12.2,3.4,5.5,3,3.6,0.21,1.5,1.5,48.4,4326
708,1,0,0,0,0,0,5971,0,0,0,0,0,0,0,0,0,0,0,0,0,3860,0,0,0,0,0,0,0,0,0,0,0,0,0,0,0,60,0,0,0,0,0,0,0,0,0,0,0,0,241,0,0,0,1508,0,0,44.758,-80.707,44,73.8,12.48,7.96,5,0.11,0.319,0.0044,610,2080,1.11,3.69,32.07,0,37.66,30.27,91.84,2.22,16.45,13.08,1.49,5.65,3.31,1.64,0.19,1.42,0.24,67.94,4326
714,1,0,0,0,0,0,7117,0,0,0,0,0,0,0,0,0,0,0,0,0,0,0,0,0,0,0,0,0,0,0,0,0,0,0,0,0,121,0,0,0,0,0,0,0,0,0,0,0,0,0,0,0,1990,0,0,0,44.617,-80.166,58,75.3,9.97,8.07,4.4,0.12,0.359,0.0067,2560,840,2.18,8.48,16.41,5.01,69.24,9.35,228.84,26.7,80.35,14.46,2.36,6.35,3.52,2.49,0.13,1.35,0.21,59.61,4326
104,2,0,0,0,0,0,0,0,0,0,0,0,0,0,0,0,0,0,0,0,0,0,0,0,0,0,0,0,0,0,0,0,0,0,0,0,6755,0,0,0,0,0,0,0,0,0,0,3272,0,0,0,211,26809,0,0,0,41.966,-82.95,8.6,83.8,10.12,8.28,15.4,0.16,0.247,0.0117,2040,743,1.5,15.1,7.457,0,7.703,84.84,29.455,9.238,15.351,8.9,7.5,3.8,1.8,4.3,0.04,1.5,1,50,4326
110,2,0,0,0,0,0,0,0,0,0,0,0,0,0,0,0,0,0,60,0,844,0,483,0,0,0,2111,0,0,0,0,0,965,0,0,0,13405,106,0,0,0,0,0,0,2639,0,2850,4539,0,211,739,8761,12349,0,0,0,42.315,-81.88,1.5,77.8,10.39,9,15.9,0.49,0.005,0.0169,650,348,0.4,3.9,0.301,0,69.081,30.081,120.758,40.412,69.427,10.1,3.6,1.4,2.1,1.1,0.01,1.5,1,71.5,4326
114,2,0,0,0,0,0,0,0,0,0,0,0,0,0,0,0,0,0,0,0,0,0,0,0,0,0,0,0,0,0,0,0,0,0,0,0,6755,0,950,0,0,0,0,0,7494,0,0,0,0,4539,0,0,29976,0,0,0,42.3,-81.817,13.5,85.3,8.73,8.25,18,0.14,0.334,0.0194,670,855,2.14,14.2,37.38,0,5.86,56.76,21.02,1.47,7.28,10.26,8.76,4.41,2.32,3.52,0.16,1.06,0.21,53.42,4326
115,2,0,0,0,0,0,0,0,0,0,0,0,0,0,0,0,0,0,0,0,0,0,0,0,0,0,60,0,0,0,0,0,0,0,0,0,16149,0,0,0,528,0,0,0,211,422,0,422,0,1055,0,1267,14671,0,0,0,42.333,-81.817,11.9,93.4,9.05,8.1,16,0.46,0.067,0.0181,1790,965,0.8,14,3.823,0,57.691,38.486,207.016,22.219,65.784,9.2,9.2,3.8,1.8,3.6,0.08,1.5,1,51,4326
1203,2,0,0,0,0,0,0,0,0,0,0,0,0,0,0,0,0,0,0,0,0,0,0,0,0,2051,0,0,0,0,0,0,0,0,0,0,8866,0,0,0,0,0,0,0,0,0,0,317,0,2428,0,0,7283,0,0,0,44.814,-80.067,18,72.8,8.8,7.81,11.9,0.12,0.246,0.0074,1190,2110,1.04,4.72,14.74,0,32.54,52.72,80.4,8.2,32.43,13.99,4.58,4.79,2.81,2.32,0.09,3,0.21,64.18,4326
1207,2,0,0,0,0,0,0,0,0,0,0,0,0,0,0,0,0,0,0,0,0,0,181,0,0,0,0,0,0,0,0,0,0,0,0,0,12983,0,0,0,0,0,633,0,0,0,0,5172,0,0,0,0,4011,0,0,0,44.783,-79.939,7.7,75.8,9.38,8.24,17.2,0.29,0.055,0.0112,6150,1210,5.8,16.4,0.955,0,3.646,95.398,26.132,11.465,17.233,12.5,2,6.6,2,2,0.15,1.5,1.5,46.8,4326
1208,2,0,0,0,0,0,0,0,0,0,0,0,0,0,0,0,0,0,0,0,0,0,0,0,0,121,0,0,0,0,0,0,905,0,0,0,0,0,0,0,211,0,211,0,0,0,0,2744,0,5594,0,422,1478,0,0,0,44.807,-79.932,15,73.2,6.4,8.4,16,0.37,0.04,0.0211,6600,700,5.38,21.73,29.48,0,2.09,68.42,15.49,2.91,7.76,11.51,2.32,6.02,2.5,1.93,0.1,1.47,0.22,51.68,4326
1213,2,0,0,0,0,0,0,0,0,0,0,0,0,0,0,0,0,0,0,0,0,0,0,0,0,0,0,0,0,0,0,0,1086,0,0,0,528,0,0,0,0,0,1267,0,0,0,0,211,0,0,0,0,3378,0,0,0,44.789,-79.825,13.3,69.1,9.14,7.92,18.52,0.29,0.012,0.0178,400,516,0.32,0.67,41.37,0,0.64,57.98,13.51,1.31,5,12.63,3.22,4.76,2.48,1.16,0.13,3.07,0.07,70.57,4326
1303,2,0,0,0,0,0,0,0,45,0,0,0,0,0,362,0,90,0,0,0,0,0,121,0,0,60,121,0,0,0,0,0,0,0,0,0,10344,0,0,0,0,106,0,0,950,0,0,0,0,528,0,844,5383,0,0,0,43.947,-77.019,13.5,87,9.49,8.07,13.5,0.25,0.252,0.0121,6100,757,5.77,22.64,28.08,0,0.96,70.95,15.71,3.38,8.27,10.88,9.39,4.25,2.47,2.05,0.08,1.24,0.39,46.46,4326
1313,2,0,0,0,0,0,0,0,0,0,0,0,0,0,0,0,0,0,0,0,0,0,0,0,0,844,181,0,0,0,0,0,181,0,0,0,3800,0,0,0,0,0,106,0,6650,0,0,317,0,0,0,211,6122,0,0,0,44.126,-76.832,20.5,87.5,9.22,7.98,13.6,0.24,0.255,0.0122,3280,1250,3.19,16.22,38.4,0,8.86,52.73,16.84,1.75,7.78,13.29,2.68,5.96,3.1,2.44,0.14,1.44,0.4,54.97,4326
1403,2,0,0,0,0,0,0,0,0,0,0,0,0,0,0,0,0,0,0,0,0,362,543,60,0,0,603,0,0,0,0,121,0,0,0,0,15093,0,422,0,5805,0,0,0,0,0,0,6966,0,950,0,4539,5066,1372,0,0,46.276,-83.612,4.7,63.3,11.09,8.01,12.14,0.35,0.236,0.0044,3700,557,2.8,11.4,34.16,0,1.68,64.16,19.88,2.84,12.08,11.8,2.27,4.38,2.69,2.03,0.06,3.51,0.53,58.6,4326
1406,2,0,0,0,0,0,0,0,362,0,0,0,0,0,0,0,0,0,0,0,0,0,0,0,0,0,0,0,0,0,0,0,0,0,0,0,633,0,0,0,0,0,0,0,0,0,0,633,0,0,0,0,0,0,0,0,46.225,-83.808,8,47,10,7.5,15.4,0.14,0.294,0.0071,1208,272,0.88,3.72,34.61,0,54.29,11.09,93.82,1.61,22.8,8.37,1.23,2.69,2.12,1.04,0.06,1.51,0.07,79.53,4326
1410,2,0,0,0,0,0,90,0,0,0,0,0,0,0,0,0,0,0,0,0,0,0,60,0,0,0,60,0,0,0,0,0,0,0,0,0,19527,0,211,0,4855,0,0,0,0,0,0,1267,0,6016,0,1267,10660,0,0,0,45.938,-82.983,10,65.1,7,7.72,15.4,0.09,0.322,0.0056,920,458,0.86,3.54,5.8,0.99,93.18,0,249.92,100.02,170.36,8.38,1.52,1.88,1.94,0.96,0.02,1.84,0.13,77.92,4326
1413,2,0,0,0,0,0,0,0,45,0,0,0,0,0,90,0,0,0,0,0,0,0,121,0,0,60,0,0,0,0,0,0,844,0,0,0,4116,0,0,0,0,0,1478,0,0,106,0,106,0,2744,0,211,7177,0,0,0,45.858,-82.607,14,68.7,7.9,7.81,17.2,0.22,0.044,0.0079,3000,403,2.32,7.53,42.22,0,1.53,56.25,14.23,1.65,5.7,12.02,1.91,3.85,2.57,1.57,0.05,2.46,0.14,67.33,4326
1414,2,0,0,0,0,0,0,0,0,0,0,0,0,0,0,0,0,0,0,0,0,0,0,0,0,0,60,0,0,0,0,0,0,0,0,0,5066,0,0,0,106,0,106,0,0,0,0,211,0,2111,0,0,106,0,0,0,45.838,-82.57,11,79.9,6.2,8.3,17.9,0.21,0.073,0.0101,2581,646,2.26,8.73,65.62,0,0.79,33.59,5.46,0.77,2.7,13.97,1.77,5.02,3.19,2.25,0.09,1.85,0.14,63.73,4326
1508,2,0,0,0,0,0,0,0,90,0,0,0,0,0,0,0,0,0,0,0,0,0,0,0,0,0,0,0,0,0,0,0,543,0,0,0,6650,0,0,0,0,0,0,0,0,106,0,844,0,3905,0,317,13299,0,0,0,46,-82.183,14.3,62.5,9.31,7.89,15.9,0.22,0.212,0.0047,7380,452,5.45,17.51,13.5,0,65.58,20.92,159.66,17.33,51.05,12.28,1.65,5.37,2.73,2.24,0.06,1.5,0.24,56.27,4326
1509,2,0,0,0,0,0,0,0,0,0,0,0,0,0,0,0,0,0,0,0,0,0,0,0,0,0,0,0,0,0,0,0,0,0,0,0,9394,0,0,0,0,0,0,0,0,0,0,1583,0,1161,0,0,633,0,0,0,46.001,-82.239,9,62.8,7.5,7.59,17.2,0.13,0.207,0.0067,3068,644,2.04,10.39,78.29,0,0.84,20.87,3.59,0.71,1.85,11.99,1.23,4.98,3.26,2.1,0.08,1.57,0.21,63.08,4326
1514,2,0,0,0,0,0,4433,0,0,0,0,0,0,0,0,0,0,0,0,0,0,0,121,0,0,0,0,0,0,0,0,0,60,0,0,0,12666,0,0,0,0,0,0,0,0,0,0,5383,0,3166,0,211,0,0,0,0,46.111,-82.287,12,60.2,7.4,7.17,16.1,0.1,0.235,0.0019,2024,987,1.8,6.76,39.55,0,12.34,48.11,19.54,2.08,7.17,11.99,1.97,4.17,3,1.77,0.14,2.21,0.16,68.25,4326
1515,2,0,0,0,0,0,0,0,0,0,0,0,0,0,0,0,0,0,0,0,0,0,181,0,0,0,0,0,0,0,0,0,60,0,0,0,40214,0,0,0,106,0,0,0,0,106,0,1161,0,2428,0,106,106,0,0,0,46.121,-82.21,17,61.2,6.2,7.6,15.7,0.14,0.198,0.0014,1327,443,1.77,7.14,52.19,0,18.82,28.99,20.15,0.86,6.28,13.19,1.92,4.47,3.04,2.06,0.09,2.28,0.17,65.39,4326
1601,2,0,0,0,0,0,0,0,0,0,0,0,0,0,0,0,0,0,0,0,0,0,0,0,0,0,0,0,0,0,0,0,0,0,0,0,317,0,0,0,0,0,422,0,0,106,0,106,0,0,0,0,1372,0,0,0,44.802,-79.816,9.3,54.2,9.34,7.95,18.62,0.29,0.015,0.0131,2310,715,1.84,8.04,41.68,0,2.97,55.35,15.12,1.31,6.1,14.28,1.64,5.77,3.47,2.39,0.47,1.8,0.16,61.63,4326
1602,2,0,0,0,0,0,0,0,0,0,0,0,0,0,0,0,0,0,0,0,0,0,0,0,0,60,0,0,0,0,0,0,0,0,0,0,1161,0,0,0,0,0,1478,0,0,0,0,0,0,211,0,0,950,0,0,0,44.84,-79.847,9,70.4,7.96,8.28,19,0.29,0.021,0.012,4390,936,3.71,13.46,35.82,0,4.07,60.11,18.05,1.89,6.62,13.32,2.43,7.36,2.8,2.2,0.2,1.79,0.15,55.27,4326
1603,2,0,0,0,0,0,45,0,0,0,0,0,0,0,0,0,0,0,0,0,0,0,0,0,0,0,0,0,0,0,0,0,60,0,0,0,528,0,0,0,0,0,106,0,0,0,0,0,0,106,0,0,211,0,0,0,44.881,-79.885,13.8,69.5,9.05,7.95,19,0.28,0.087,0.0085,4790,948,3.89,13.36,38.77,0,0.7,60.53,13.54,1.63,5.78,13.09,2.46,7.31,2.71,2.12,0.17,1.92,0.15,55.34,4326
1606,2,0,0,0,0,0,0,0,271,0,0,0,0,0,0,0,0,0,0,0,0,0,181,0,0,241,0,0,0,0,0,0,121,0,0,0,4961,0,0,0,0,0,211,0,0,0,0,0,0,8338,0,0,1161,0,0,0,45.05,-80.02,18,70.2,6.8,8.7,13.1,0.16,0.168,0.0058,2490,910,2.53,8.86,19.31,0,73.95,6.74,243.64,30.7,79.59,13.35,2.97,7.32,2.36,2.42,0.12,2.71,0.16,59.99,4326
1609,2,0,0,0,0,0,2081,0,0,0,0,0,0,0,0,0,0,0,0,0,0,0,60,0,0,121,0,0,0,0,0,0,0,0,0,0,4750,0,0,0,950,0,0,0,0,0,0,1689,0,2111,0,106,1583,0,0,0,45.306,-80.262,11,62.9,9.91,8.18,14.6,0.16,0.248,0.0038,3820,888,3.41,10.79,18.77,0,17.95,63.28,42.05,5.57,17.43,12.69,2.38,5.47,2.68,1.97,0.09,2.69,0.19,59.75,4326
1615,2,0,0,0,0,0,0,0,45,0,0,0,0,0,0,0,0,0,0,0,0,0,0,0,0,0,0,0,0,0,0,0,60,0,0,0,1055,0,0,0,0,0,0,0,0,0,0,0,0,5383,0,0,1161,0,0,0,45.843,-80.742,10,67.6,7.4,8.9,13.1,0.2,0.129,0.0091,5500,700,4.85,16.54,64.66,0.68,0,34.65,5.94,0.7,3.57,11.42,1.77,5.38,2.43,1.99,0.11,1.43,0.13,56.45,4326
200,2,0,0,0,0,0,0,0,0,0,0,0,0,0,0,0,0,0,0,0,0,0,0,0,0,0,0,0,0,0,0,0,0,0,0,0,2533,0,0,0,0,0,0,0,11294,106,0,0,0,0,0,106,10344,0,0,0,42.587,-80.718,14.6,87.2,9.07,8.43,16.5,0.24,0.321,0.0342,833,792,0.19,14.96,29.36,0,12.59,58.05,24.1,2.98,10.62,9.74,12.21,4.05,2.39,3.75,0.1,1.55,0.18,50.73,4326
2208,2,0,0,0,0,0,0,0,0,0,0,0,0,0,0,0,0,0,0,0,0,0,0,0,0,0,0,0,0,0,0,0,0,0,0,0,2533,0,0,0,0,0,0,0,0,0,0,528,0,633,0,0,3378,0,0,0,46.146,-82.397,22,38.1,5.2,7.2,13.9,0.14,0.325,0.0122,1995,543,2.96,9.11,31.34,0,0.42,68.24,9.47,3.25,5.4,11.43,2.44,4.62,2.77,1.89,0.12,2.59,0.2,63.85,4326
302,2,0,0,0,0,0,0,0,0,0,0,0,0,0,0,0,0,0,0,0,0,0,0,0,0,0,0,0,0,0,0,0,0,0,0,0,1372,0,0,0,4961,0,0,0,0,0,0,18471,0,4328,0,0,247407,0,0,0,42.514,-80.117,44.5,98.8,8.7,7.72,11.3,0.16,0.338,0.0077,1269,348,1.6,15.31,61.98,0,0.74,37.28,5.79,0.77,2.76,12.13,10.7,5.24,3.15,3.46,0.16,0.9,0.15,47.63,4326
305,2,0,0,0,0,0,0,0,0,0,0,0,0,0,0,0,0,0,0,0,0,0,0,0,0,543,0,0,60,0,0,0,0,0,0,0,950,0,106,0,317,0,0,0,55097,0,0,106,211,739,0,106,1794,0,0,0,42.595,-80.195,7.25,91.2,7.95,7.8,13.6,0.15,0.102,0.0081,1301,161,1.2,10.59,21.67,0,54.91,23.42,217.4,5.49,38.36,10.61,4.91,3.34,2.35,1.79,0.05,1.58,0.11,57.42,4326
308,2,0,0,0,0,0,0,0,0,0,0,0,0,0,0,0,0,0,0,0,0,0,0,0,0,51568,2292,0,1508,2051,0,0,18154,0,0,422,53619,0,2533,0,0,0,0,0,0,5594,0,7388,11188,7072,0,22165,205293,0,0,0,42.633,-80.267,6,87.4,9.21,8.06,19.05,0.27,0.226,0.0095,412,667,0.44,12.18,10.12,0,9.52,80.37,40.14,18.42,26.21,8.74,11.81,3.07,2.03,4.07,0.08,2.11,0.26,55.29,4326
310,2,0,0,0,0,0,0,0,0,0,0,0,0,452,1448,0,0,0,0,0,0,0,60,0,0,1990,1930,0,0,0,0,905,9952,0,0,3483,64913,106,7283,106,317,0,0,106,28076,106,4222,10027,3905,0,0,739,17416,211,0,0,42.647,-80.346,0.4,107,12.08,8.14,14.08,0.6,0.023,0.0103,733,372,0.58,7.4,11.14,0,66.95,21.91,199.26,21.21,68.71,10.87,8.29,1.72,2.48,1.92,0.04,2.68,0.15,65.27,4326
503,2,0,0,0,0,0,0,0,0,0,0,0,0,0,0,0,0,0,0,0,0,0,0,0,0,0,0,0,0,0,0,0,0,0,0,0,0,0,0,0,0,0,0,0,106,0,0,73145,0,3589,1689,0,47708,0,60,0,43.367,-82.001,33.9,79,9.75,7.73,8.47,0.16,0.304,0.0032,3140,688,1.7,13.8,0.533,0,10.651,88.816,39.766,15.895,24.418,8.1,6.3,2.8,1,4.8,0.06,1.5,1.5,53.7,4326
5106,2,0,0,0,0,0,4931,0,0,0,0,0,0,0,0,0,0,0,0,0,0,0,0,0,0,0,0,0,0,0,0,0,0,0,0,0,2955,0,0,0,0,0,0,0,0,0,0,0,0,1267,0,0,0,0,0,0,48.504,-88.43,25.5,42.9,10.44,7.89,13.4,0.15,0.305,0.004,1330,658,1.1,5.65,21.46,0,28.39,50.14,101.68,7.11,35.59,14,7.16,8.13,1.68,4.33,0.18,4.07,1.3,55.7,4326
5109,2,0,0,0,0,0,136,0,0,0,0,0,0,0,45,0,0,0,0,0,181,0,302,0,0,0,60,0,0,0,0,0,0,0,0,0,18577,0,0,0,0,0,0,0,0,0,106,4222,0,2639,0,0,17310,950,0,0,48.468,-88.596,8.5,55.3,10.86,7.9,10.99,0.7,0.261,0.0218,756,589,0.3,8.65,41.581,0,3.911,54.508,20.05,1.283,12.536,11.9,7.29,5.58,1.39,4.76,0.1,2.06,0.02,53.5,4326
610,2,0,0,0,0,0,0,0,0,0,0,0,0,0,0,0,0,0,0,0,0,0,0,0,0,0,0,0,0,0,0,0,0,0,0,0,1689,0,0,0,0,0,0,0,0,0,0,106,0,633,0,0,1161,317,0,0,44.969,-81.204,45.7,70.9,12.62,7.66,5.08,0.14,0.3,0.0033,2120,1020,0.9,21.4,10.743,0,8.063,81.194,29.938,9.158,14.615,8.9,10.9,4.1,2,8.4,0.18,1.5,1.5,39.1,4326
700,2,0,0,0,0,0,0,0,0,0,0,0,0,0,0,0,0,0,0,0,362,0,0,0,0,0,0,0,0,0,0,0,0,0,0,0,211,0,0,0,0,0,0,0,0,0,0,0,0,1055,0,0,106,633,0,0,44.774,-80.886,32.1,75.3,12.73,8.12,6.6,0.1,0.288,0.0054,590,1000,0.24,14.51,43.12,0,9.43,47.45,17.7,1.02,6.73,11.19,9.87,5.37,3.65,4.74,0.18,0.12,0.19,48.1,4326
702,2,0,0,0,0,0,0,0,0,0,0,0,0,0,0,0,0,0,0,0,0,0,0,0,0,0,0,0,0,0,0,0,0,0,0,0,2639,0,106,0,0,0,0,0,0,0,0,3272,0,1583,0,106,9605,0,0,0,44.639,-80.891,27.95,71.6,9.62,8.1,18.5,0.12,0.348,0.0074,163,535,0.31,2.34,24.45,0,3.6,71.95,21.77,4.02,10.52,9.64,3.28,2.48,1.81,1.66,0.06,2.75,0.09,73.55,4326
707,2,0,0,0,0,0,0,0,0,0,0,0,0,0,0,0,0,0,0,0,60,0,0,0,0,0,0,0,0,0,0,0,0,0,0,0,0,0,0,0,0,0,0,0,0,0,0,0,0,106,0,0,106,106,0,0,44.817,-80.749,64,70.4,12.28,7.63,4.44,0.13,0.301,0.0038,1890,1040,1.4,10.4,12.185,0,3.246,84.569,24.994,6.705,12.072,12.2,3.4,5.5,3,3.6,0.21,1.5,1.5,48.4,4326
708,2,0,0,0,0,0,0,0,0,0,0,0,0,0,0,0,0,0,0,0,3860,0,0,0,0,0,0,0,0,0,0,0,0,0,0,0,106,0,0,0,0,0,0,0,0,0,0,0,0,422,0,0,0,2639,0,0,44.758,-80.707,44,73.8,12.48,7.96,5,0.11,0.319,0.0044,610,2080,1.11,3.69,32.07,0,37.66,30.27,91.84,2.22,16.45,13.08,1.49,5.65,3.31,1.64,0.19,1.42,0.24,67.94,4326
714,2,0,0,0,0,0,5338,0,0,0,0,0,0,0,0,0,0,0,0,0,0,0,0,0,0,0,0,0,0,0,0,0,0,0,0,0,211,0,0,0,0,0,0,0,0,0,0,0,0,0,0,0,3483,0,0,0,44.617,-80.166,58,75.3,9.97,8.07,4.4,0.12,0.359,0.0067,2560,840,2.18,8.48,16.41,5.01,69.24,9.35,228.84,26.7,80.35,14.46,2.36,6.35,3.52,2.49,0.13,1.35,0.21,59.61,4326
104,3,0,0,0,0,0,0,0,0,0,0,0,0,0,0,0,0,0,0,0,0,0,0,0,0,0,0,0,0,0,0,0,0,0,0,0,2895,0,0,0,0,0,0,0,0,0,0,0,0,0,0,90,11490,0,0,0,41.966,-82.95,8.6,83.8,10.12,8.28,15.4,0.16,0.247,0.0117,2040,743,1.5,15.1,7.457,0,7.703,84.84,29.455,9.238,15.351,8.9,7.5,3.8,1.8,4.3,0.04,1.5,1,50,4326
110,3,0,0,0,0,0,0,0,0,0,0,0,0,0,136,0,0,0,0,0,422,0,241,0,0,0,1055,0,0,0,0,0,483,0,0,0,5745,45,0,0,0,0,0,0,1131,0,0,1945,0,90,317,3755,5293,0,0,0,42.315,-81.88,1.5,77.8,10.39,9,15.9,0.49,0.005,0.0169,650,348,0.4,3.9,0.301,0,69.081,30.081,120.758,40.412,69.427,10.1,3.6,1.4,2.1,1.1,0.01,1.5,1,71.5,4326
114,3,0,0,0,0,0,0,0,0,0,0,0,0,0,0,0,0,0,0,0,0,0,0,0,0,0,0,0,0,0,0,0,0,0,0,0,2895,0,0,0,0,0,0,0,3212,0,0,0,0,1945,0,0,12847,0,0,0,42.3,-81.817,13.5,85.3,8.73,8.25,18,0.14,0.334,0.0194,670,855,2.14,14.2,37.38,0,5.86,56.76,21.02,1.47,7.28,10.26,8.76,4.41,2.32,3.52,0.16,1.06,0.21,53.42,4326
115,3,0,0,0,0,0,0,0,0,0,0,0,0,0,0,0,0,0,0,0,0,0,0,0,0,0,30,0,0,0,0,0,2051,0,0,0,6921,0,0,0,226,0,0,0,0,181,0,181,0,452,0,543,6288,0,0,0,42.333,-81.817,11.9,93.4,9.05,8.1,16,0.46,0.067,0.0181,1790,965,0.8,14,3.823,0,57.691,38.486,207.016,22.219,65.784,9.2,9.2,3.8,1.8,3.6,0.08,1.5,1,51,4326
1203,3,0,0,0,0,0,0,0,0,0,0,0,0,0,0,0,0,0,0,0,0,0,0,0,0,1025,0,0,0,0,0,0,0,0,0,0,3800,0,0,0,0,0,0,0,0,0,0,136,0,1040,0,0,3121,0,0,0,44.814,-80.067,18,72.8,8.8,7.81,11.9,0.12,0.246,0.0074,1190,2110,1.04,4.72,14.74,0,32.54,52.72,80.4,8.2,32.43,13.99,4.58,4.79,2.81,2.32,0.09,3,0.21,64.18,4326
1207,3,0,0,0,0,0,0,0,0,0,0,0,0,0,0,0,0,0,0,0,0,0,90,0,0,0,0,0,0,0,0,0,0,0,0,0,5564,0,0,0,0,0,271,0,0,0,0,2217,0,0,0,0,1719,0,0,0,44.783,-79.939,7.7,75.8,9.38,8.24,17.2,0.29,0.055,0.0112,6150,1210,5.8,16.4,0.955,0,3.646,95.398,26.132,11.465,17.233,12.5,2,6.6,2,2,0.15,1.5,1.5,46.8,4326
1208,3,0,0,0,0,0,0,0,0,0,0,0,0,0,0,0,0,0,0,0,0,0,0,0,0,60,0,0,0,0,0,0,452,0,0,0,0,0,0,0,90,0,90,0,0,0,0,1176,0,0,0,181,633,0,0,0,44.807,-79.932,15,73.2,6.4,8.4,16,0.37,0.04,0.0211,6600,700,5.38,21.73,29.48,0,2.09,68.42,15.49,2.91,7.76,11.51,2.32,6.02,2.5,1.93,0.1,1.47,0.22,51.68,4326
1213,3,0,0,0,0,0,0,0,0,0,0,0,0,0,0,0,0,0,0,0,0,0,0,0,0,0,0,0,0,0,0,0,543,0,0,0,226,0,0,0,0,0,543,0,0,0,0,90,0,0,0,0,1448,0,0,0,44.789,-79.825,13.3,69.1,9.14,7.92,18.52,0.29,0.012,0.0178,400,516,0.32,0.67,41.37,0,0.64,57.98,13.51,1.31,5,12.63,3.22,4.76,2.48,1.16,0.13,3.07,0.07,70.57,4326
1303,3,0,0,0,0,0,0,0,0,0,0,0,0,0,121,0,30,0,0,0,0,0,60,0,0,30,60,0,0,0,0,0,0,0,0,0,4433,0,0,0,0,45,0,0,407,0,0,0,0,226,0,362,0,0,0,0,43.947,-77.019,13.5,87,9.49,8.07,13.5,0.25,0.252,0.0121,6100,757,5.77,22.64,28.08,0,0.96,70.95,15.71,3.38,8.27,10.88,9.39,4.25,2.47,2.05,0.08,1.24,0.39,46.46,4326
1313,3,0,0,0,0,0,0,0,0,0,0,0,0,0,0,0,0,0,0,0,0,0,0,0,0,422,90,0,0,0,0,0,0,0,0,0,1628,0,0,0,0,0,45,0,2850,0,0,136,0,0,0,90,0,0,0,0,44.126,-76.832,20.5,87.5,9.22,7.98,13.6,0.24,0.255,0.0122,3280,1250,3.19,16.22,38.4,0,8.86,52.73,16.84,1.75,7.78,13.29,2.68,5.96,3.1,2.44,0.14,1.44,0.4,54.97,4326
1403,3,0,0,0,0,0,0,0,0,0,0,0,0,0,0,0,0,0,0,60,0,181,271,0,0,0,302,0,0,0,0,60,0,0,0,0,6469,0,181,0,2488,0,0,0,0,0,0,0,0,407,0,1945,2171,588,0,0,46.276,-83.612,4.7,63.3,11.09,8.01,12.14,0.35,0.236,0.0044,3700,557,2.8,11.4,34.16,0,1.68,64.16,19.88,2.84,12.08,11.8,2.27,4.38,2.69,2.03,0.06,3.51,0.53,58.6,4326
1406,3,0,0,0,0,0,0,0,0,0,0,0,0,0,0,0,0,0,0,0,0,0,0,0,0,0,0,0,0,0,0,0,0,0,0,0,271,0,0,0,0,0,0,0,0,0,0,271,0,0,0,0,0,0,0,0,46.225,-83.808,8,47,10,7.5,15.4,0.14,0.294,0.0071,1208,272,0.88,3.72,34.61,0,54.29,11.09,93.82,1.61,22.8,8.37,1.23,2.69,2.12,1.04,0.06,1.51,0.07,79.53,4326
1410,3,0,0,0,0,0,30,0,0,0,0,0,0,0,0,0,0,0,0,0,0,0,30,0,0,0,30,0,0,0,0,0,0,0,0,0,8369,0,90,0,2081,0,0,0,0,0,0,543,0,2578,0,0,4569,0,0,0,45.938,-82.983,10,65.1,7,7.72,15.4,0.09,0.322,0.0056,920,458,0.86,3.54,5.8,0.99,93.18,0,249.92,100.02,170.36,8.38,1.52,1.88,1.94,0.96,0.02,1.84,0.13,77.92,4326
1413,3,0,0,0,0,0,0,0,0,0,0,0,0,0,30,0,0,0,0,0,0,0,60,0,0,0,0,0,0,0,0,0,422,0,0,0,0,0,0,0,0,0,633,0,0,45,0,45,0,1176,0,90,3076,0,0,0,45.858,-82.607,14,68.7,7.9,7.81,17.2,0.22,0.044,0.0079,3000,403,2.32,7.53,42.22,0,1.53,56.25,14.23,1.65,5.7,12.02,1.91,3.85,2.57,1.57,0.05,2.46,0.14,67.33,4326
1414,3,0,0,0,0,0,0,0,0,0,0,0,0,0,0,0,0,0,0,0,0,0,0,0,0,0,30,0,0,0,0,0,0,0,0,0,2171,0,0,0,45,0,45,0,0,0,0,0,0,905,0,0,45,0,0,0,45.838,-82.57,11,79.9,6.2,8.3,17.9,0.21,0.073,0.0101,2581,646,2.26,8.73,65.62,0,0.79,33.59,5.46,0.77,2.7,13.97,1.77,5.02,3.19,2.25,0.09,1.85,0.14,63.73,4326
1508,3,0,0,0,0,0,0,0,30,0,0,0,0,0,0,0,0,0,0,0,0,0,0,0,0,0,0,0,0,0,0,0,271,0,0,0,2850,0,0,0,0,0,0,0,0,45,0,0,0,1674,0,136,5700,0,0,0,46,-82.183,14.3,62.5,9.31,7.89,15.9,0.22,0.212,0.0047,7380,452,5.45,17.51,13.5,0,65.58,20.92,159.66,17.33,51.05,12.28,1.65,5.37,2.73,2.24,0.06,1.5,0.24,56.27,4326
1509,3,0,0,0,0,0,0,0,0,0,0,0,0,0,0,0,0,0,0,0,0,0,0,0,0,0,0,0,0,0,0,0,60,0,0,0,4026,0,0,0,0,0,0,0,0,0,0,679,0,498,0,0,271,0,0,0,46.001,-82.239,9,62.8,7.5,7.59,17.2,0.13,0.207,0.0067,3068,644,2.04,10.39,78.29,0,0.84,20.87,3.59,0.71,1.85,11.99,1.23,4.98,3.26,2.1,0.08,1.57,0.21,63.08,4326
1514,3,0,0,0,0,0,1478,0,0,0,0,0,0,0,0,0,0,0,0,0,0,0,60,0,0,0,0,0,0,0,0,0,30,0,0,0,5428,0,0,0,0,0,0,0,0,0,0,2307,0,1357,0,90,0,0,0,0,46.111,-82.287,12,60.2,7.4,7.17,16.1,0.1,0.235,0.0019,2024,987,1.8,6.76,39.55,0,12.34,48.11,19.54,2.08,7.17,11.99,1.97,4.17,3,1.77,0.14,2.21,0.16,68.25,4326
1515,3,0,0,0,0,0,0,0,0,0,0,0,0,0,0,0,0,0,0,0,0,0,90,0,0,0,0,0,0,0,0,0,30,0,0,0,17235,0,0,0,45,0,0,0,0,45,0,498,0,0,0,45,45,0,0,0,46.121,-82.21,17,61.2,6.2,7.6,15.7,0.14,0.198,0.0014,1327,443,1.77,7.14,52.19,0,18.82,28.99,20.15,0.86,6.28,13.19,1.92,4.47,3.04,2.06,0.09,2.28,0.17,65.39,4326
1601,3,0,0,0,0,0,0,0,0,0,0,0,0,0,0,0,0,0,0,0,0,0,0,0,0,0,0,0,0,0,0,0,0,0,0,0,0,0,0,0,0,0,181,0,0,45,0,45,0,0,0,0,588,0,0,0,44.802,-79.816,9.3,54.2,9.34,7.95,18.62,0.29,0.015,0.0131,2310,715,1.84,8.04,41.68,0,2.97,55.35,15.12,1.31,6.1,14.28,1.64,5.77,3.47,2.39,0.47,1.8,0.16,61.63,4326
1602,3,0,0,0,0,0,0,0,0,0,0,0,0,0,0,0,0,0,0,0,0,0,0,0,0,30,0,0,0,0,0,0,0,0,0,0,498,0,0,0,0,0,633,0,0,0,0,0,0,90,0,0,407,0,0,0,44.84,-79.847,9,70.4,7.96,8.28,19,0.29,0.021,0.012,4390,936,3.71,13.46,35.82,0,4.07,60.11,18.05,1.89,6.62,13.32,2.43,7.36,2.8,2.2,0.2,1.79,0.15,55.27,4326
1603,3,0,0,0,0,0,15,0,0,0,0,0,0,0,0,0,0,0,0,0,0,0,0,0,0,0,0,0,0,0,0,0,30,0,0,0,226,0,0,0,0,0,45,0,0,0,0,0,0,45,0,0,90,0,0,0,44.881,-79.885,13.8,69.5,9.05,7.95,19,0.28,0.087,0.0085,4790,948,3.89,13.36,38.77,0,0.7,60.53,13.54,1.63,5.78,13.09,2.46,7.31,2.71,2.12,0.17,1.92,0.15,55.34,4326
1606,3,0,0,0,0,0,0,0,90,0,0,0,0,0,0,0,0,0,0,0,0,0,90,0,0,121,0,0,0,0,0,0,0,0,0,0,2126,0,0,0,0,0,90,0,0,0,0,0,0,3574,0,0,498,0,0,0,45.05,-80.02,18,70.2,6.8,8.7,13.1,0.16,0.168,0.0058,2490,910,2.53,8.86,19.31,0,73.95,6.74,243.64,30.7,79.59,13.35,2.97,7.32,2.36,2.42,0.12,2.71,0.16,59.99,4326
1609,3,0,0,0,0,0,694,0,0,0,0,0,0,0,0,0,0,0,0,0,0,0,30,0,0,60,0,0,0,0,0,0,0,0,0,0,2036,0,0,0,407,0,0,0,0,0,0,724,0,905,0,0,679,0,0,0,45.306,-80.262,11,62.9,9.91,8.18,14.6,0.16,0.248,0.0038,3820,888,3.41,10.79,18.77,0,17.95,63.28,42.05,5.57,17.43,12.69,2.38,5.47,2.68,1.97,0.09,2.69,0.19,59.75,4326
1615,3,0,0,0,0,0,633,0,0,0,0,0,0,0,0,0,0,0,0,0,0,0,0,0,0,0,0,0,0,0,0,0,30,0,0,0,452,0,0,0,0,0,0,0,0,0,0,0,0,2307,0,0,498,0,0,0,45.843,-80.742,10,67.6,7.4,8.9,13.1,0.2,0.129,0.0091,5500,700,4.85,16.54,64.66,0.68,0,34.65,5.94,0.7,3.57,11.42,1.77,5.38,2.43,1.99,0.11,1.43,0.13,56.45,4326
200,3,0,0,0,0,0,0,0,0,0,0,0,0,0,0,0,0,0,0,0,0,0,0,0,0,0,0,0,0,0,0,0,0,0,0,0,1086,0,0,0,0,0,0,0,4840,45,0,0,0,0,0,45,0,0,0,0,42.587,-80.718,14.6,87.2,9.07,8.43,16.5,0.24,0.321,0.0342,833,792,0.19,14.96,29.36,0,12.59,58.05,24.1,2.98,10.62,9.74,12.21,4.05,2.39,3.75,0.1,1.55,0.18,50.73,4326
2208,3,0,0,0,0,0,0,0,0,0,0,0,0,0,0,0,0,0,0,0,0,0,30,0,0,0,0,0,0,0,0,0,0,0,0,0,1086,0,0,0,0,0,0,0,0,0,0,226,0,271,0,0,1448,0,0,0,46.146,-82.397,22,38.1,5.2,7.2,13.9,0.14,0.325,0.0122,1995,543,2.96,9.11,31.34,0,0.42,68.24,9.47,3.25,5.4,11.43,2.44,4.62,2.77,1.89,0.12,2.59,0.2,63.85,4326
302,3,0,0,0,0,0,0,0,0,0,0,0,0,0,0,0,0,0,0,0,0,0,0,0,0,0,0,0,0,0,0,0,0,0,0,0,0,0,0,0,2126,0,0,0,0,0,0,7916,0,1855,0,0,106031,0,0,0,42.514,-80.117,44.5,98.8,8.7,7.72,11.3,0.16,0.338,0.0077,1269,348,1.6,15.31,61.98,0,0.74,37.28,5.79,0.77,2.76,12.13,10.7,5.24,3.15,3.46,0.16,0.9,0.15,47.63,4326
305,3,0,0,0,0,0,0,0,0,0,0,0,0,0,0,0,0,0,0,0,0,0,0,0,0,0,0,0,30,0,0,0,633,0,0,0,0,0,45,0,136,0,0,0,23613,0,0,45,90,317,0,45,769,0,0,0,42.595,-80.195,7.25,91.2,7.95,7.8,13.6,0.15,0.102,0.0081,1301,161,1.2,10.59,21.67,0,54.91,23.42,217.4,5.49,38.36,10.61,4.91,3.34,2.35,1.79,0.05,1.58,0.11,57.42,4326
308,3,0,0,0,0,0,0,0,0,0,0,0,0,0,0,0,0,0,0,0,60,0,0,0,0,25784,1146,0,754,0,0,0,9077,0,0,181,22979,0,1086,0,0,0,0,0,0,2397,0,3166,4795,3031,0,0,87983,0,0,0,42.633,-80.267,6,87.4,9.21,8.06,19.05,0.27,0.226,0.0095,412,667,0.44,12.18,10.12,0,9.52,80.37,40.14,18.42,26.21,8.74,11.81,3.07,2.03,4.07,0.08,2.11,0.26,55.29,4326
310,3,0,0,0,0,0,0,0,0,0,0,90,0,151,0,0,0,0,0,0,0,0,30,0,0,995,0,0,0,0,0,452,4976,0,0,0,27820,45,3121,45,136,0,0,45,12033,0,1809,4297,1674,0,0,317,7464,90,0,0,42.647,-80.346,0.4,107,12.08,8.14,14.08,0.6,0.023,0.0103,733,372,0.58,7.4,11.14,0,66.95,21.91,199.26,21.21,68.71,10.87,8.29,1.72,2.48,1.92,0.04,2.68,0.15,65.27,4326
503,3,0,0,0,0,0,0,0,0,0,0,0,0,0,0,0,0,0,0,0,30,0,0,0,0,0,0,0,0,0,0,0,0,0,0,0,0,0,0,0,0,0,0,0,45,0,0,0,0,1538,724,0,20446,0,0,0,43.367,-82.001,33.9,79,9.75,7.73,8.47,0.16,0.304,0.0032,3140,688,1.7,13.8,0.533,0,10.651,88.816,39.766,15.895,24.418,8.1,6.3,2.8,1,4.8,0.06,1.5,1.5,53.7,4326
5106,3,0,0,0,0,0,0,0,0,0,0,0,0,0,0,0,0,0,0,0,0,0,0,0,0,0,0,0,0,0,0,0,0,0,0,0,1267,0,0,0,0,0,0,0,0,0,0,0,0,543,0,0,0,0,0,0,48.504,-88.43,25.5,42.9,10.44,7.89,13.4,0.15,0.305,0.004,1330,658,1.1,5.65,21.46,0,28.39,50.14,101.68,7.11,35.59,14,7.16,8.13,1.68,4.33,0.18,4.07,1.3,55.7,4326
5109,3,0,0,0,0,0,45,0,0,0,0,0,0,0,0,0,0,0,0,0,0,0,151,0,0,0,30,0,0,0,0,0,0,0,0,0,7961,0,0,0,0,0,0,0,0,0,45,1809,0,0,0,0,7419,407,0,0,48.468,-88.596,8.5,55.3,10.86,7.9,10.99,0.7,0.261,0.0218,756,589,0.3,8.65,41.581,0,3.911,54.508,20.05,1.283,12.536,11.9,7.29,5.58,1.39,4.76,0.1,2.06,0.02,53.5,4326
610,3,0,0,0,0,0,0,0,0,0,0,0,0,0,0,0,0,0,0,0,0,0,0,0,0,0,0,0,0,0,0,0,0,0,0,0,724,0,0,0,0,0,0,0,0,0,0,45,0,271,0,0,498,0,0,0,44.969,-81.204,45.7,70.9,12.62,7.66,5.08,0.14,0.3,0.0033,2120,1020,0.9,21.4,10.743,0,8.063,81.194,29.938,9.158,14.615,8.9,10.9,4.1,2,8.4,0.18,1.5,1.5,39.1,4326
700,3,0,0,0,0,0,0,0,0,0,0,0,0,0,0,0,0,0,0,0,181,0,0,0,0,0,0,0,0,0,0,0,0,0,0,0,90,0,0,0,0,0,0,0,0,0,0,0,0,452,0,0,45,271,0,0,44.774,-80.886,32.1,75.3,12.73,8.12,6.6,0.1,0.288,0.0054,590,1000,0.24,14.51,43.12,0,9.43,47.45,17.7,1.02,6.73,11.19,9.87,5.37,3.65,4.74,0.18,0.12,0.19,48.1,4326
702,3,0,0,0,0,0,0,0,0,0,0,0,0,0,0,0,0,0,0,0,392,0,0,0,0,0,0,0,0,0,0,0,0,0,0,0,1131,0,45,0,0,0,0,0,0,0,0,0,0,679,0,45,4116,0,0,0,44.639,-80.891,27.95,71.6,9.62,8.1,18.5,0.12,0.348,0.0074,163,535,0.31,2.34,24.45,0,3.6,71.95,21.77,4.02,10.52,9.64,3.28,2.48,1.81,1.66,0.06,2.75,0.09,73.55,4326
707,3,0,0,0,0,0,0,0,0,0,0,0,0,0,0,0,0,0,0,0,30,0,0,0,0,0,0,0,0,0,0,0,0,0,0,0,0,0,0,0,0,0,0,0,0,0,0,0,0,45,0,0,45,45,0,0,44.817,-80.749,64,70.4,12.28,7.63,4.44,0.13,0.301,0.0038,1890,1040,1.4,10.4,12.185,0,3.246,84.569,24.994,6.705,12.072,12.2,3.4,5.5,3,3.6,0.21,1.5,1.5,48.4,4326
708,3,0,0,0,0,0,0,0,0,0,0,0,0,0,0,0,0,0,0,0,1930,0,0,0,0,0,0,0,0,0,0,0,0,0,0,0,45,0,0,0,0,0,0,0,0,0,0,0,0,181,0,0,0,1131,0,0,44.758,-80.707,44,73.8,12.48,7.96,5,0.11,0.319,0.0044,610,2080,1.11,3.69,32.07,0,37.66,30.27,91.84,2.22,16.45,13.08,1.49,5.65,3.31,1.64,0.19,1.42,0.24,67.94,4326
714,3,0,0,0,0,0,0,0,0,0,0,0,0,0,0,0,0,0,0,0,0,0,0,0,0,0,0,0,0,0,0,0,0,0,0,0,90,0,0,0,0,0,0,0,0,0,0,0,0,0,0,0,1493,0,0,0,44.617,-80.166,58,75.3,9.97,8.07,4.4,0.12,0.359,0.0067,2560,840,2.18,8.48,16.41,5.01,69.24,9.35,228.84,26.7,80.35,14.46,2.36,6.35,3.52,2.49,0.13,1.35,0.21,59.61,4326
104,4,0,0,0,0,0,0,0,0,0,0,0,0,0,0,0,0,0,0,0,0,0,0,0,0,0,0,0,0,0,0,0,0,0,0,0,1930,0,0,0,0,0,0,0,0,0,0,935,0,0,0,0,7660,0,0,0,41.966,-82.95,8.6,83.8,10.12,8.28,15.4,0.16,0.247,0.0117,2040,743,1.5,15.1,7.457,0,7.703,84.84,29.455,9.238,15.351,8.9,7.5,3.8,1.8,4.3,0.04,1.5,1,50,4326
110,4,0,0,0,0,0,0,0,0,0,0,0,0,0,0,0,0,0,15,0,211,0,0,0,0,0,0,0,0,0,0,0,0,0,0,0,3830,30,0,0,0,0,0,0,0,0,814,0,0,60,211,2503,3528,0,0,0,42.315,-81.88,1.5,77.8,10.39,9,15.9,0.49,0.005,0.0169,650,348,0.4,3.9,0.301,0,69.081,30.081,120.758,40.412,69.427,10.1,3.6,1.4,2.1,1.1,0.01,1.5,1,71.5,4326
114,4,0,0,0,0,0,0,0,0,0,0,0,0,0,0,0,0,0,0,0,0,0,0,0,0,0,0,0,0,0,0,0,0,0,0,0,1930,0,271,0,0,0,0,0,2141,0,0,0,0,0,0,0,8565,0,0,0,42.3,-81.817,13.5,85.3,8.73,8.25,18,0.14,0.334,0.0194,670,855,2.14,14.2,37.38,0,5.86,56.76,21.02,1.47,7.28,10.26,8.76,4.41,2.32,3.52,0.16,1.06,0.21,53.42,4326
115,4,0,0,0,0,0,0,0,0,0,0,0,0,0,0,0,0,0,0,0,0,0,0,0,0,0,0,0,0,0,0,0,1025,0,0,0,4614,0,0,0,0,0,0,0,60,121,0,121,0,0,0,362,4192,0,0,0,42.333,-81.817,11.9,93.4,9.05,8.1,16,0.46,0.067,0.0181,1790,965,0.8,14,3.823,0,57.691,38.486,207.016,22.219,65.784,9.2,9.2,3.8,1.8,3.6,0.08,1.5,1,51,4326
1203,4,0,0,0,0,0,0,0,0,0,0,0,0,0,0,0,0,0,0,0,0,0,0,0,0,0,0,0,0,0,0,0,0,0,0,0,0,0,0,0,0,0,0,0,0,0,0,90,0,694,0,0,2081,0,0,0,44.814,-80.067,18,72.8,8.8,7.81,11.9,0.12,0.246,0.0074,1190,2110,1.04,4.72,14.74,0,32.54,52.72,80.4,8.2,32.43,13.99,4.58,4.79,2.81,2.32,0.09,3,0.21,64.18,4326
1207,4,0,0,0,0,0,0,0,0,0,0,0,0,0,0,0,0,0,0,0,0,0,0,0,0,0,0,0,0,0,0,0,0,0,0,0,3709,0,0,0,0,0,0,0,0,0,0,1478,0,0,0,0,1146,0,0,0,44.783,-79.939,7.7,75.8,9.38,8.24,17.2,0.29,0.055,0.0112,6150,1210,5.8,16.4,0.955,0,3.646,95.398,26.132,11.465,17.233,12.5,2,6.6,2,2,0.15,1.5,1.5,46.8,4326
1208,4,0,0,0,0,0,0,0,0,0,0,0,0,0,0,0,0,0,0,0,0,0,0,0,0,30,0,0,0,0,0,0,0,0,0,0,0,0,0,0,60,0,60,0,0,0,0,0,0,1598,0,121,422,0,0,0,44.807,-79.932,15,73.2,6.4,8.4,16,0.37,0.04,0.0211,6600,700,5.38,21.73,29.48,0,2.09,68.42,15.49,2.91,7.76,11.51,2.32,6.02,2.5,1.93,0.1,1.47,0.22,51.68,4326
1213,4,0,0,0,0,0,0,0,0,0,0,0,0,0,0,0,0,0,0,0,0,0,0,0,0,0,0,0,0,0,0,0,0,0,0,0,151,0,0,0,0,0,362,0,0,0,0,0,0,0,0,0,965,0,0,0,44.789,-79.825,13.3,69.1,9.14,7.92,18.52,0.29,0.012,0.0178,400,516,0.32,0.67,41.37,0,0.64,57.98,13.51,1.31,5,12.63,3.22,4.76,2.48,1.16,0.13,3.07,0.07,70.57,4326
1303,4,0,0,0,0,0,0,0,0,0,0,0,0,0,0,0,0,0,0,0,0,0,0,0,0,15,0,0,0,0,0,0,0,0,0,0,2955,0,0,0,0,30,0,0,271,0,0,0,0,151,0,241,0,0,0,0,43.947,-77.019,13.5,87,9.49,8.07,13.5,0.25,0.252,0.0121,6100,757,5.77,22.64,28.08,0,0.96,70.95,15.71,3.38,8.27,10.88,9.39,4.25,2.47,2.05,0.08,1.24,0.39,46.46,4326
1313,4,0,0,0,0,0,0,0,0,0,0,0,0,0,0,0,0,0,0,0,0,0,0,0,0,0,45,0,0,0,0,0,0,0,0,0,1086,0,0,0,0,0,0,0,1900,0,0,90,0,0,0,60,1749,0,0,0,44.126,-76.832,20.5,87.5,9.22,7.98,13.6,0.24,0.255,0.0122,3280,1250,3.19,16.22,38.4,0,8.86,52.73,16.84,1.75,7.78,13.29,2.68,5.96,3.1,2.44,0.14,1.44,0.4,54.97,4326
1403,4,0,0,0,0,0,0,0,0,0,0,0,0,0,0,0,0,0,0,0,0,0,136,15,0,0,151,0,0,0,0,0,0,0,0,0,4312,0,121,0,0,0,0,0,0,0,0,1990,0,271,0,1297,1448,0,0,0,46.276,-83.612,4.7,63.3,11.09,8.01,12.14,0.35,0.236,0.0044,3700,557,2.8,11.4,34.16,0,1.68,64.16,19.88,2.84,12.08,11.8,2.27,4.38,2.69,2.03,0.06,3.51,0.53,58.6,4326
1406,4,0,0,0,0,0,0,0,0,0,0,0,0,0,0,0,0,0,0,0,0,0,0,0,0,0,0,0,0,0,0,0,0,0,0,0,181,0,0,0,0,0,0,0,0,0,0,181,0,0,0,0,0,0,0,0,46.225,-83.808,8,47,10,7.5,15.4,0.14,0.294,0.0071,1208,272,0.88,3.72,34.61,0,54.29,11.09,93.82,1.61,22.8,8.37,1.23,2.69,2.12,1.04,0.06,1.51,0.07,79.53,4326
1410,4,0,0,0,0,0,0,0,0,0,0,0,0,0,0,0,0,0,0,0,0,0,0,0,0,0,15,0,0,0,0,0,0,0,0,0,5579,0,60,0,1387,0,0,0,0,0,0,362,0,0,0,362,3046,0,0,0,45.938,-82.983,10,65.1,7,7.72,15.4,0.09,0.322,0.0056,920,458,0.86,3.54,5.8,0.99,93.18,0,249.92,100.02,170.36,8.38,1.52,1.88,1.94,0.96,0.02,1.84,0.13,77.92,4326
1413,4,0,0,0,0,0,0,0,0,0,0,0,0,0,0,0,0,0,0,0,0,0,0,0,0,15,0,0,0,0,0,0,0,0,0,0,0,0,0,0,0,0,422,0,0,30,0,30,0,784,0,60,2051,0,0,0,45.858,-82.607,14,68.7,7.9,7.81,17.2,0.22,0.044,0.0079,3000,403,2.32,7.53,42.22,0,1.53,56.25,14.23,1.65,5.7,12.02,1.91,3.85,2.57,1.57,0.05,2.46,0.14,67.33,4326
1414,4,0,0,0,0,0,0,0,0,0,0,0,0,0,0,0,0,0,0,0,0,0,0,0,0,0,0,0,0,0,0,0,0,0,0,0,1448,0,0,0,30,0,30,0,0,0,0,0,0,603,0,0,30,0,0,0,45.838,-82.57,11,79.9,6.2,8.3,17.9,0.21,0.073,0.0101,2581,646,2.26,8.73,65.62,0,0.79,33.59,5.46,0.77,2.7,13.97,1.77,5.02,3.19,2.25,0.09,1.85,0.14,63.73,4326
1508,4,0,0,0,0,0,0,0,0,0,0,0,0,0,0,0,0,0,0,0,0,0,0,0,0,0,0,0,0,0,0,0,0,0,0,0,1900,0,0,0,0,0,0,0,0,30,0,241,0,1116,0,90,0,0,0,0,46,-82.183,14.3,62.5,9.31,7.89,15.9,0.22,0.212,0.0047,7380,452,5.45,17.51,13.5,0,65.58,20.92,159.66,17.33,51.05,12.28,1.65,5.37,2.73,2.24,0.06,1.5,0.24,56.27,4326
1509,4,0,0,0,0,0,0,0,0,0,0,0,0,0,0,0,0,0,0,0,0,0,0,0,0,0,0,0,0,0,0,0,0,0,0,0,2684,0,0,0,0,0,0,0,0,0,0,0,0,332,0,0,181,0,0,0,46.001,-82.239,9,62.8,7.5,7.59,17.2,0.13,0.207,0.0067,3068,644,2.04,10.39,78.29,0,0.84,20.87,3.59,0.71,1.85,11.99,1.23,4.98,3.26,2.1,0.08,1.57,0.21,63.08,4326
1514,4,0,0,0,0,0,0,0,0,0,0,0,0,0,0,0,0,0,0,0,0,0,30,0,0,0,0,0,0,0,0,0,0,0,0,0,3619,0,0,0,0,0,0,0,0,0,0,1538,0,0,0,60,0,0,0,0,46.111,-82.287,12,60.2,7.4,7.17,16.1,0.1,0.235,0.0019,2024,987,1.8,6.76,39.55,0,12.34,48.11,19.54,2.08,7.17,11.99,1.97,4.17,3,1.77,0.14,2.21,0.16,68.25,4326
1515,4,0,0,0,0,0,0,0,0,0,0,0,0,0,0,0,0,0,0,0,0,0,45,0,0,0,0,0,0,0,0,0,0,0,0,0,11490,0,0,0,0,0,0,0,0,30,0,332,0,694,0,30,30,0,0,0,46.121,-82.21,17,61.2,6.2,7.6,15.7,0.14,0.198,0.0014,1327,443,1.77,7.14,52.19,0,18.82,28.99,20.15,0.86,6.28,13.19,1.92,4.47,3.04,2.06,0.09,2.28,0.17,65.39,4326
1601,4,0,0,0,0,0,0,0,0,0,0,0,0,0,0,0,0,0,0,0,0,0,0,0,0,0,0,0,0,0,0,0,0,0,0,0,90,0,0,0,0,0,121,0,0,0,0,30,0,0,0,0,392,0,0,0,44.802,-79.816,9.3,54.2,9.34,7.95,18.62,0.29,0.015,0.0131,2310,715,1.84,8.04,41.68,0,2.97,55.35,15.12,1.31,6.1,14.28,1.64,5.77,3.47,2.39,0.47,1.8,0.16,61.63,4326
1602,4,0,0,0,0,0,0,0,0,0,0,0,0,0,0,0,0,0,0,0,0,0,0,0,0,0,0,0,0,0,0,0,0,0,0,0,0,0,0,0,0,0,422,0,0,0,0,0,0,60,0,0,271,0,0,0,44.84,-79.847,9,70.4,7.96,8.28,19,0.29,0.021,0.012,4390,936,3.71,13.46,35.82,0,4.07,60.11,18.05,1.89,6.62,13.32,2.43,7.36,2.8,2.2,0.2,1.79,0.15,55.27,4326
1603,4,0,0,0,0,0,0,0,0,0,0,0,0,0,0,0,0,0,0,0,0,0,0,0,0,0,0,0,0,0,0,0,0,0,0,0,151,0,0,0,0,0,30,0,0,0,0,0,0,30,0,0,0,0,0,0,44.881,-79.885,13.8,69.5,9.05,7.95,19,0.28,0.087,0.0085,4790,948,3.89,13.36,38.77,0,0.7,60.53,13.54,1.63,5.78,13.09,2.46,7.31,2.71,2.12,0.17,1.92,0.15,55.34,4326
1606,4,0,0,0,0,0,0,0,0,0,0,0,0,0,0,0,0,0,0,0,0,0,45,0,0,0,0,0,0,0,0,0,0,0,0,0,1417,0,0,0,0,0,60,0,0,0,0,0,0,0,0,0,332,0,0,0,45.05,-80.02,18,70.2,6.8,8.7,13.1,0.16,0.168,0.0058,2490,910,2.53,8.86,19.31,0,73.95,6.74,243.64,30.7,79.59,13.35,2.97,7.32,2.36,2.42,0.12,2.71,0.16,59.99,4326
1609,4,0,0,0,0,0,0,0,0,0,0,0,0,0,0,0,0,0,0,0,0,0,15,0,0,0,0,0,0,0,0,0,0,0,0,0,1357,0,0,0,271,0,0,0,0,0,0,483,0,603,0,30,0,0,0,0,45.306,-80.262,11,62.9,9.91,8.18,14.6,0.16,0.248,0.0038,3820,888,3.41,10.79,18.77,0,17.95,63.28,42.05,5.57,17.43,12.69,2.38,5.47,2.68,1.97,0.09,2.69,0.19,59.75,4326
1615,4,0,0,0,0,0,0,0,0,0,0,0,0,0,0,0,0,0,0,0,0,0,0,0,0,0,0,0,0,0,0,0,0,0,0,0,0,0,0,0,0,0,0,0,0,0,0,0,0,1538,0,0,332,0,0,0,45.843,-80.742,10,67.6,7.4,8.9,13.1,0.2,0.129,0.0091,5500,700,4.85,16.54,64.66,0.68,0,34.65,5.94,0.7,3.57,11.42,1.77,5.38,2.43,1.99,0.11,1.43,0.13,56.45,4326
200,4,0,0,0,0,0,0,0,0,0,0,0,0,0,0,0,0,0,0,0,0,0,0,0,0,0,0,0,0,0,0,0,0,0,0,0,724,0,0,0,0,0,0,0,0,30,0,0,0,0,0,30,2955,0,0,0,42.587,-80.718,14.6,87.2,9.07,8.43,16.5,0.24,0.321,0.0342,833,792,0.19,14.96,29.36,0,12.59,58.05,24.1,2.98,10.62,9.74,12.21,4.05,2.39,3.75,0.1,1.55,0.18,50.73,4326
2208,4,0,0,0,0,0,0,0,0,0,0,0,0,0,0,0,0,0,0,0,0,0,0,0,0,0,0,0,0,0,0,0,0,0,0,0,724,0,0,0,0,0,0,0,0,0,0,0,0,181,0,0,965,0,0,0,46.146,-82.397,22,38.1,5.2,7.2,13.9,0.14,0.325,0.0122,1995,543,2.96,9.11,31.34,0,0.42,68.24,9.47,3.25,5.4,11.43,2.44,4.62,2.77,1.89,0.12,2.59,0.2,63.85,4326
302,4,0,0,0,0,0,0,0,0,0,0,0,0,0,0,0,0,0,0,0,0,0,0,0,0,0,0,0,0,0,0,0,0,0,0,0,392,0,0,0,1417,0,0,0,0,0,0,0,0,1236,0,0,70688,0,0,0,42.514,-80.117,44.5,98.8,8.7,7.72,11.3,0.16,0.338,0.0077,1269,348,1.6,15.31,61.98,0,0.74,37.28,5.79,0.77,2.76,12.13,10.7,5.24,3.15,3.46,0.16,0.9,0.15,47.63,4326
305,4,0,0,0,0,0,0,0,0,0,0,0,0,0,0,0,0,0,0,0,0,0,0,0,0,136,0,0,15,0,0,0,317,0,0,0,271,0,0,0,0,0,0,0,15742,0,0,30,60,211,0,30,513,0,0,0,42.595,-80.195,7.25,91.2,7.95,7.8,13.6,0.15,0.102,0.0081,1301,161,1.2,10.59,21.67,0,54.91,23.42,217.4,5.49,38.36,10.61,4.91,3.34,2.35,1.79,0.05,1.58,0.11,57.42,4326
308,4,0,0,0,0,0,0,0,0,0,0,0,0,0,0,0,0,0,0,0,0,0,0,0,0,12892,573,0,0,0,0,0,4539,0,0,0,15320,0,724,0,0,0,0,0,0,1598,0,0,3197,2021,0,6333,58655,0,0,0,42.633,-80.267,6,87.4,9.21,8.06,19.05,0.27,0.226,0.0095,412,667,0.44,12.18,10.12,0,9.52,80.37,40.14,18.42,26.21,8.74,11.81,3.07,2.03,4.07,0.08,2.11,0.26,55.29,4326
310,4,0,0,0,0,0,0,0,0,0,0,0,0,0,0,0,0,0,0,0,0,0,15,0,0,498,0,0,0,0,0,0,0,0,0,995,18546,30,2081,0,90,0,0,0,8022,30,0,2865,1116,0,0,211,4976,60,0,0,42.647,-80.346,0.4,107,12.08,8.14,14.08,0.6,0.023,0.0103,733,372,0.58,7.4,11.14,0,66.95,21.91,199.26,21.21,68.71,10.87,8.29,1.72,2.48,1.92,0.04,2.68,0.15,65.27,4326
503,4,0,0,0,0,0,0,0,0,0,0,0,0,0,0,0,0,0,0,0,0,0,0,0,0,0,0,0,0,0,0,0,0,0,0,0,0,0,0,0,0,0,0,0,30,0,0,20899,0,1025,483,0,13631,0,0,0,43.367,-82.001,33.9,79,9.75,7.73,8.47,0.16,0.304,0.0032,3140,688,1.7,13.8,0.533,0,10.651,88.816,39.766,15.895,24.418,8.1,6.3,2.8,1,4.8,0.06,1.5,1.5,53.7,4326
5106,4,0,0,0,0,0,0,0,0,0,0,0,0,0,0,0,0,0,0,0,0,0,0,0,0,0,0,0,0,0,0,0,0,0,0,0,844,0,0,0,0,0,0,0,0,0,0,0,0,362,0,0,0,0,0,0,48.504,-88.43,25.5,42.9,10.44,7.89,13.4,0.15,0.305,0.004,1330,658,1.1,5.65,21.46,0,28.39,50.14,101.68,7.11,35.59,14,7.16,8.13,1.68,4.33,0.18,4.07,1.3,55.7,4326
5109,4,0,0,0,0,0,0,0,0,0,0,0,0,0,0,0,0,0,0,0,0,0,75,0,0,0,0,0,0,0,0,0,0,0,0,0,5308,0,0,0,0,0,0,0,0,0,30,0,0,754,0,0,4946,271,0,0,48.468,-88.596,8.5,55.3,10.86,7.9,10.99,0.7,0.261,0.0218,756,589,0.3,8.65,41.581,0,3.911,54.508,20.05,1.283,12.536,11.9,7.29,5.58,1.39,4.76,0.1,2.06,0.02,53.5,4326
610,4,0,0,0,0,0,0,0,0,0,0,0,0,0,0,0,0,0,0,0,0,0,0,0,0,0,0,0,0,0,0,0,0,0,0,0,483,0,0,0,0,0,0,0,0,0,0,30,0,0,0,0,332,90,0,0,44.969,-81.204,45.7,70.9,12.62,7.66,5.08,0.14,0.3,0.0033,2120,1020,0.9,21.4,10.743,0,8.063,81.194,29.938,9.158,14.615,8.9,10.9,4.1,2,8.4,0.18,1.5,1.5,39.1,4326
700,4,0,0,0,0,0,0,0,0,0,0,0,0,0,0,0,0,0,0,0,0,0,0,0,0,0,0,0,0,0,0,0,0,0,0,0,60,0,0,0,0,0,0,0,0,0,0,0,0,302,0,0,0,181,0,0,44.774,-80.886,32.1,75.3,12.73,8.12,6.6,0.1,0.288,0.0054,590,1000,0.24,14.51,43.12,0,9.43,47.45,17.7,1.02,6.73,11.19,9.87,5.37,3.65,4.74,0.18,0.12,0.19,48.1,4326
702,4,0,0,0,0,0,0,0,0,0,0,0,0,0,0,0,0,0,0,0,0,0,0,0,0,0,0,0,0,0,0,0,0,0,0,0,754,0,30,0,0,0,0,0,0,0,0,935,0,452,0,30,0,0,0,0,44.639,-80.891,27.95,71.6,9.62,8.1,18.5,0.12,0.348,0.0074,163,535,0.31,2.34,24.45,0,3.6,71.95,21.77,4.02,10.52,9.64,3.28,2.48,1.81,1.66,0.06,2.75,0.09,73.55,4326
707,4,0,0,0,0,0,0,0,0,0,0,0,0,0,0,0,0,0,0,0,0,0,0,0,0,0,0,0,0,0,0,0,0,0,0,0,0,0,0,0,0,0,0,0,0,0,0,0,0,0,0,0,30,30,0,0,44.817,-80.749,64,70.4,12.28,7.63,4.44,0.13,0.301,0.0038,1890,1040,1.4,10.4,12.185,0,3.246,84.569,24.994,6.705,12.072,12.2,3.4,5.5,3,3.6,0.21,1.5,1.5,48.4,4326
708,4,0,0,0,0,0,0,0,0,0,0,0,0,0,0,0,0,0,0,0,0,0,0,0,0,0,0,0,0,0,0,0,0,0,0,0,0,0,0,0,0,0,0,0,0,0,0,0,0,121,0,0,0,754,0,0,44.758,-80.707,44,73.8,12.48,7.96,5,0.11,0.319,0.0044,610,2080,1.11,3.69,32.07,0,37.66,30.27,91.84,2.22,16.45,13.08,1.49,5.65,3.31,1.64,0.19,1.42,0.24,67.94,4326
714,4,0,0,0,0,0,0,0,0,0,0,0,0,0,0,0,0,0,0,0,0,0,0,0,0,0,0,0,0,0,0,0,0,0,0,0,60,0,0,0,0,0,0,0,0,0,0,0,0,0,0,0,995,0,0,0,44.617,-80.166,58,75.3,9.97,8.07,4.4,0.12,0.359,0.0067,2560,840,2.18,8.48,16.41,5.01,69.24,9.35,228.84,26.7,80.35,14.46,2.36,6.35,3.52,2.49,0.13,1.35,0.21,59.61,4326
105,1,1,0,0,0,0,0,0,0,0,0,0,0,0,0,0,0,0,0,0,0,0,0,0,0,0,0,0,0,0,0,0,0,0,0,0,8745,0,0,0,0,0,0,0,0,0,0,2051,0,0,0,0,11339,0,0,0,41.983,-82.833,8.4,84.2,9.94,8.37,15.64,0.34,0.267,0.0124,1090,687,0.5,9.67,2.219,0,52.295,45.485,143.911,17.959,52.241,8.3,6.7,4.3,1.5,3.3,0.06,1.5,1,52.1,4326
106,1,1,0,0,0,0,0,0,0,0,0,0,0,0,0,0,0,0,0,0,0,0,0,0,0,0,0,0,0,0,0,0,0,0,0,0,5187,0,0,0,0,0,0,0,0,0,0,1508,0,0,0,121,6454,0,0,0,41.984,-82.784,9.6,83.9,9.88,8.38,15.65,0.16,0.258,0.0126,1400,540,1.2,56.3,3.938,0,9.594,86.468,24.733,8.948,15.162,8.3,5.4,3.4,1.7,3.7,0.03,1.5,1,51.5,4326
107,1,1,0,0,0,0,0,0,0,0,0,0,0,0,0,0,0,0,0,0,0,0,0,0,0,0,0,0,0,0,0,0,0,0,0,0,663,0,0,0,0,0,0,0,121,0,0,1568,0,0,0,0,3860,0,0,0,42.017,-82.667,9.5,81.7,9.1,8,11.6,0.18,0.316,0.007,699,179,1.1,11.18,18.42,13.12,54.68,13.79,652.62,11.54,131.8,8.64,9.31,6.33,2.08,3.17,0.11,1.32,0.15,53.84,4326
108,1,1,0,0,0,0,0,0,0,0,0,0,0,0,0,0,0,0,0,0,0,0,0,0,0,0,0,0,0,0,0,0,0,0,60,0,4282,0,0,0,0,0,0,0,0,60,0,1267,0,422,0,302,8565,0,0,0,41.983,-82.583,10,86.5,9.74,8.4,15.95,0.21,0.153,0.0172,2380,824,1.8,13.8,6.647,0,5.42,87.933,27.212,8.821,14.653,10.6,5.3,4.5,2.1,4.1,0.05,1.5,1,53.9,4326
109,1,1,0,0,0,0,60,0,0,0,0,0,0,121,0,0,0,0,0,0,0,0,0,0,0,121,905,0,0,0,0,0,0,0,0,60,3619,0,60,0,0,0,0,60,5971,181,1628,2955,60,0,0,60,7479,0,0,0,42.279,-81.907,1.9,92,10.6,8.64,15.81,0.4,0.021,0.0169,5280,699,5.5,20.7,2.963,0,1.286,95.75,32.533,13.19,19.107,9.1,7.3,4.1,1.7,2.1,0.06,1.5,1,47.7,4326
112,1,1,0,0,0,0,0,0,0,0,0,0,0,0,0,0,0,0,0,0,0,0,0,0,0,0,0,0,0,0,0,0,0,0,0,0,1749,0,0,0,302,0,0,0,0,422,0,543,0,483,0,0,12304,0,0,0,42.25,-81.816,17,92.4,5.39,7.99,15.2,0.31,0.225,0.0133,1660,423,1.83,7,32.57,0,0,67.43,20.51,2.16,7.63,10.18,4.21,2.15,2.46,1.35,0.04,2.24,0.12,69.84,4326
113,1,1,0,0,0,0,0,0,0,0,0,0,0,0,0,0,0,0,0,0,0,0,0,0,0,0,181,0,0,0,0,0,905,0,0,0,12545,60,0,0,1146,0,0,0,241,181,0,1086,0,2352,0,422,10796,0,0,0,42.283,-81.816,13,93.5,9.43,8.21,15.99,0.31,0.05,0.0152,1530,899,0.6,13.6,5.905,0,8.695,85.4,37.178,12.21,18.938,8.1,10.3,3.3,1.5,3.3,0.08,1.5,1,49.3,4326
1201,1,1,0,0,0,0,0,0,0,0,0,0,0,0,0,0,0,0,0,0,241,0,0,0,0,0,0,0,0,0,0,0,0,0,0,0,603,0,0,0,0,0,0,0,0,0,0,181,0,0,0,0,2292,181,0,0,44.7,-80.066,19,74.8,9.18,8.1,11.7,0.12,0.225,0.0034,410,580,0.25,0.59,0.1,0,99.79,0.11,687.64,337.8,477.14,12.83,2.84,1.55,2.12,0.39,0.03,3.09,0.01,76.57,4326
1206,1,1,0,0,0,0,0,0,0,0,0,0,0,0,0,0,0,0,0,0,0,0,0,0,0,0,0,0,0,0,0,0,0,0,0,0,483,0,0,0,0,0,0,0,0,0,0,0,0,663,0,0,2895,60,0,0,44.949,-80.005,27.5,74.7,10.33,7.81,8.7,0.11,0.326,0.0075,2140,1790,1.76,5.76,1,0,97.35,1.65,206.7,111.22,152.56,13.4,3.79,9.78,2.39,2.55,0.16,2.67,0.34,57.28,4326
1210,1,1,0,0,0,0,724,0,0,0,0,0,0,0,0,0,0,0,0,0,0,0,0,0,0,0,0,0,0,0,0,0,724,0,0,0,1568,0,0,0,121,0,181,0,0,0,0,60,0,1327,0,0,483,0,0,0,44.817,-79.899,12,71.7,7.2,8.4,15.2,0.22,0.23,0.0157,5500,1150,4.52,15.78,60.52,0,6.61,32.88,7.86,0.63,3.7,12.61,1.97,7.39,2.61,2.15,0.2,1.52,0.24,53.27,4326
1211,1,1,0,0,0,0,0,0,0,0,0,0,0,0,0,0,0,0,0,0,0,0,0,0,0,0,0,0,0,0,0,0,60,0,0,0,2473,0,0,0,0,0,784,0,0,0,0,181,0,1267,0,0,1448,0,0,0,44.768,-79.866,12,79.9,6.3,8.4,16,0.33,0.005,0.0188,4389,1008,4.81,14.71,53.91,0,1.61,44.48,8.06,0.789,3.79,13.22,2.19,6.95,2.94,2.14,0.12,1.58,0.29,54.79,4326
1212,1,1,0,0,0,0,60,0,0,0,0,0,0,0,0,0,0,0,0,0,0,0,0,0,0,0,0,0,0,0,0,0,663,0,0,0,724,0,0,0,0,0,181,0,0,0,0,0,0,663,0,0,121,0,0,0,44.797,-79.857,16,67.6,6.9,8.4,14.6,0.41,0.005,0.0184,4160,1760,3.7,12.08,51.97,0,23.66,24.37,41.32,0.87,8.83,12.36,1.99,6.76,2.46,1.87,0.18,1.75,0.22,59.52,4326
1214,1,1,0,0,0,0,302,0,422,0,0,0,0,0,60,0,0,0,0,0,0,0,0,0,0,0,0,0,0,0,0,0,422,0,0,0,543,0,0,0,0,0,362,0,0,0,0,302,0,181,0,0,4162,0,0,0,44.773,-79.838,9,69.9,8.99,7.92,18.82,0.32,0.013,0.0175,5340,916,4.77,13.89,41.34,0,1.02,57.65,13.42,1.53,5.54,13.44,2.21,7.79,2.9,2.33,0.2,1.6,0.32,54.88,4326
1215,1,1,0,0,0,0,0,0,0,0,0,0,0,0,181,0,0,0,0,0,0,0,121,0,0,121,181,0,0,0,0,0,1508,0,0,0,5428,0,0,0,0,0,362,0,0,0,0,422,0,1870,0,121,362,0,0,0,44.767,-79.791,8,75.1,7,8.4,14.4,0.31,0.005,0.0174,3820,840,3.58,11.67,40.28,0,4.3,55.42,14.18,1.69,5.52,13.59,2.56,6.48,2.77,2.28,0.18,2.07,0.26,57.78,4326
1216,1,1,0,0,0,0,0,0,0,0,0,0,0,0,0,0,0,0,0,0,0,0,0,0,0,121,121,0,0,0,0,0,2051,60,0,0,1749,0,181,0,121,0,0,0,0,0,0,241,0,784,0,663,1448,0,0,0,44.772,-79.764,6,72.4,7.8,8.4,12.8,0.33,0.005,0.0139,9650,7180,1.09,8.91,0.18,36.19,63.45,0.18,3654.4,405.19,1167.37,10.53,2.13,21.7,2.06,1.54,0.4,1.63,0.54,50.65,4326
1302,1,1,0,0,0,0,0,0,60,0,0,60,0,121,362,0,121,0,0,0,0,0,1025,0,0,6574,181,0,0,0,0,0,0,0,0,0,12304,0,121,0,60,422,0,0,1870,0,0,302,121,0,0,603,3981,0,0,0,43.932,-77.024,5.5,85.9,11.99,8.24,12.43,0.26,0.135,0.0089,4480,625,3.37,34.37,27.19,0,1.21,71.6,16.62,3.49,8.3,7.73,19.32,2.65,1.62,1.34,0.04,0.77,0.2,32.5,4326
1304,1,1,0,0,0,0,0,0,0,0,0,362,0,0,181,0,362,0,0,0,0,0,0,0,0,543,1568,0,0,0,0,0,241,0,0,0,2051,0,0,0,483,0,0,0,7539,60,0,241,0,60,0,3739,3317,0,0,0,43.972,-76.959,19,86.6,9.12,8.11,13.3,0.24,0.265,0.0126,3300,810,2.98,11.79,48.8,0,4.42,46.78,10.84,1.23,4.8,14.29,2.06,5.9,3.38,2.25,0.08,1.5,0.38,58.71,4326
1305,1,1,0,0,0,0,0,0,0,0,0,0,0,0,0,0,0,0,0,0,0,0,0,0,0,0,0,0,0,0,0,0,121,0,0,0,181,0,0,0,0,0,181,0,0,60,0,181,60,5669,0,422,1508,0,0,0,43.876,-76.974,21,91.2,6.4,8.9,13.7,0.22,0.244,0.0092,1060,210,0.88,10.9,14.88,0,62.92,22.2,111.3,18.36,43.98,9.54,11.24,2.69,1.81,1.71,0.05,2.3,0.2,57.99,4326
1306,1,1,0,0,0,0,4403,0,0,0,0,0,0,0,0,0,0,0,0,0,0,0,0,0,0,0,0,0,0,0,0,0,0,0,0,0,1568,0,0,0,1689,0,0,0,0,483,0,0,0,60,0,0,663,0,0,0,43.942,-76.936,23,93.7,7.2,8.5,13.4,0.24,0.2,0.0137,6643,1088,6.38,17.5,44.35,0,1.83,53.82,12.77,1.43,4.86,12.68,4.98,5.28,2.73,2.2,0.12,1.24,0.32,51.53,4326
1307,1,1,0,0,0,0,0,0,0,0,0,0,0,0,0,0,0,0,0,0,0,0,0,0,0,60,0,0,0,0,0,0,0,0,0,0,422,0,0,0,0,0,0,0,7419,0,0,0,0,181,0,121,1206,0,0,0,43.964,-76.886,27.5,86.6,9.31,8.08,13.9,0.22,0.27,0.0093,4510,1130,5.33,16.99,27.21,0,5.42,67.37,18.36,3.4,9.04,12.66,3.02,5.78,2.92,2.35,0.19,1.46,0.48,53.72,4326
1309,1,1,0,0,0,0,0,0,0,0,0,0,0,0,0,0,0,0,0,0,60,0,0,0,0,0,0,0,0,0,0,0,0,0,0,0,60,0,0,0,0,0,0,0,0,0,0,302,0,4885,0,241,2292,0,60,0,43.952,-76.785,25,98.9,5.3,8.5,10.1,0.19,0.332,0.0098,460,230,0.99,13.47,8.76,0,53.8,37.45,82.37,24.14,40.18,9.42,14.52,2.46,1.64,1.79,0.05,2.31,0.16,53.39,4326
1310,1,1,0,0,0,0,0,0,0,0,0,0,0,0,0,0,121,0,0,0,0,0,181,0,0,483,0,0,0,0,0,0,1628,0,0,0,4403,0,0,0,0,0,724,0,1387,0,0,603,0,1568,0,121,7177,0,0,0,44.073,-77.079,6.5,94.9,10.37,7.8,12.43,0.45,0.003,0.0198,5380,995,5.76,21.75,32.92,0,13.27,53.81,21.6,2.37,9.39,9.96,4.1,4.46,2.47,2.44,0.13,1.48,0.38,53.64,4326
1311,1,1,0,0,0,0,0,0,0,0,0,2533,0,543,1870,0,965,0,60,0,60,724,905,0,0,8806,1930,0,60,0,0,0,0,0,0,0,6152,0,3559,0,3498,0,0,0,155006,181,0,422,362,0,0,483,9469,1990,0,0,44.057,-77.049,2.3,92.2,8.43,7.44,12.83,0.42,0.072,0.0221,943,634,1.1,5.01,2.81,0,92.71,4.48,332.85,160.67,200.36,6.17,4.72,2.34,1.42,1.43,0.06,1.55,0.22,76.11,4326
1312,1,1,0,0,0,0,0,0,0,0,0,0,0,0,37,0,25,0,0,0,0,0,148,0,0,74,6,0,0,0,0,0,31,0,0,0,903,0,0,0,0,0,62,0,235,0,0,31,0,643,0,80,482,0,0,0,44.098,-77.043,5.5,97.2,10.2,7.77,12.32,0.54,0.005,0.0271,6270,1060,6.82,28.62,36.89,0,6.16,56.95,15.09,1.94,7,9.87,3.64,4.85,2.47,2.5,0.11,1.18,0.37,46.46,4326
1315,1,1,0,0,0,0,0,0,0,0,0,0,0,0,0,0,0,0,0,0,784,0,0,0,0,0,0,0,0,0,0,0,0,0,0,0,8504,0,0,0,7177,0,0,0,0,0,0,60,0,24487,0,302,3076,0,0,0,44.094,-76.708,25,91.7,7.2,8.6,13.3,0.21,0.2,0.0112,761,1177,0.57,4.02,2.41,0,1.94,95.66,12.66,6.75,9.82,10.45,3.58,7.92,1.97,1.36,0.23,2.56,0.33,68.12,4326
1316,1,1,0,0,0,0,0,0,0,0,0,0,0,0,0,0,0,0,0,0,2171,0,0,0,0,0,0,0,663,0,0,0,362,0,0,0,1870,0,0,0,60,121,0,0,0,0,0,422,422,8625,0,1086,8806,0,0,0,44.11,-76.618,24,91.6,7,8.6,13.7,0.22,0.211,0.0095,740,120,0.52,2.56,0.92,0,98.08,1,168.93,110.55,141.52,12.17,3.18,4.1,2.51,1.5,0.08,2.9,0.31,69.22,4326
1317,1,1,0,0,0,0,0,0,0,0,0,0,0,0,0,0,0,0,0,0,0,0,0,0,0,362,1146,0,0,0,0,0,60,0,0,0,4644,0,0,0,0,0,0,0,39747,0,0,241,0,121,0,241,1689,0,0,0,44.15,-76.634,20.5,87.3,9.39,8.02,13.14,0.26,0.219,0.0246,916,1110,1.38,5.76,26.16,0,44.79,29.06,105.71,3.52,23.88,13.35,3.64,4.5,2.98,2.04,0.07,2.3,0.39,64.08,4326
1318,1,1,0,0,0,0,0,0,0,0,0,663,0,0,60,0,241,0,0,0,0,181,0,0,0,844,362,0,0,0,0,0,181,0,0,0,4403,0,60,0,1086,0,0,0,19904,0,0,0,0,603,0,121,8866,0,0,0,44.199,-76.675,17.2,87.3,6.11,8.07,13.6,0.23,0.257,0.011,7070,1170,6.72,25.79,45.85,0,1.62,52.53,13.12,1.23,5.51,10.71,9,5.18,2.49,2.38,0.21,1,0.45,42.27,4326
1320,1,1,0,0,0,0,0,0,0,0,0,0,0,0,0,0,0,121,0,0,0,0,0,0,0,0,0,0,0,0,0,0,0,0,0,0,6635,0,0,0,0,0,0,0,0,0,0,2352,0,1508,0,0,15621,0,0,0,45.009,-74.935,6.8,80.6,8.51,8.81,19.8,0.22,0.045,0.015,3790,1290,3.5,12.5,46.314,0,0.374,53.312,11.847,1.014,6.014,12.6,1.73,5.74,4.99,1.98,1.74,0.01,3.55,46.4,4326
1321,1,1,0,0,0,0,0,0,0,0,0,0,0,0,0,0,0,0,0,0,0,0,0,0,0,0,0,0,0,0,0,0,0,0,0,0,1163,0,0,0,0,0,0,0,0,0,0,396,0,31,0,0,1095,0,0,0,45.024,-74.818,6.7,88.2,9.41,8.55,21.1,0.32,0.137,0.0127,835,465,1.3,4.07,5.795,0,94.205,0,168.272,100.846,144.027,10.2,3.29,2.61,3.82,1.18,0.79,0.01,2.11,75.9,4326
1322,1,1,0,0,0,0,0,0,0,0,0,0,0,0,0,0,0,0,0,0,0,0,241,0,0,0,60,0,0,0,0,0,0,0,0,0,14837,0,0,0,0,0,0,0,0,0,0,3981,0,0,0,0,3559,0,0,0,45.001,-74.808,6.6,86.8,9.69,8.69,20.9,0.28,0.133,0.011,3110,1150,2.6,14.1,29.925,0,8.563,61.511,25.481,2.016,14.538,9.32,7,3.59,4.15,2.78,1.19,4.43,3.13,46.2,4326
1327,1,1,1025,0,0,0,0,0,0,0,0,0,0,0,0,0,0,0,0,0,0,0,0,0,60,121,60,0,0,0,121,0,0,0,0,0,57720,0,0,0,0,0,0,0,121,0,60,1086,0,121,60,0,5127,60,0,0,45.009,-74.661,6.9,88.2,9.5,8.66,20.8,0.22,0.151,0.0104,1300,568,0.9,13.9,7.712,0,81.179,11.109,314.322,101.858,170.295,7.83,15.2,2.39,3.22,2.14,0.78,0.01,1.78,58.8,4326
1331,1,1,0,0,0,0,0,0,0,0,0,0,0,0,0,0,0,60,0,0,0,0,60,0,0,0,0,0,0,0,0,0,0,0,0,0,5489,0,0,0,0,0,0,0,60,0,0,663,0,60,0,0,3076,0,0,0,45.008,-74.889,8.1,88.5,8.1,8.05,19.8,0.24,0.155,0.011,3590,1050,3.3,12.4,19.712,0,5.422,74.866,30.95,6.393,18.686,12.8,4.89,4.35,5.12,2.79,0.93,0.01,3.23,62,4326
1332,1,1,0,0,0,0,0,0,0,0,0,0,0,0,0,0,0,0,0,0,0,0,0,0,0,0,0,0,0,0,0,0,60,0,0,0,10253,0,0,0,0,0,0,0,0,0,0,3860,0,0,60,0,6695,0,0,0,45.021,-74.797,10.7,86.3,9.63,8.67,21,0.26,0.123,0.0132,8520,2080,5,16.3,30.307,0,1.831,67.862,18.331,2.599,10.246,12.9,4.49,5.54,5.25,3.05,1.21,0.01,4.89,54.7,4326
1405,1,1,0,0,0,0,0,0,0,0,0,0,0,0,0,0,0,0,0,0,0,0,121,0,0,0,0,0,0,0,0,0,0,0,0,60,4524,0,0,0,0,0,0,0,0,0,0,603,0,483,0,0,1448,0,0,0,46.248,-83.823,20.3,49.4,9.4,7.3,12.77,0.18,0.284,0.0067,2830,1100,2.1,12.2,59.72,0,0.35,39.93,10.17,0.43,5.72,14.3,2,7.58,3.3,2.99,0.48,3,0.32,52.5,4326
1407,1,1,0,0,0,0,0,0,229,0,0,0,0,0,19,0,0,0,0,0,229,0,12,0,0,6,93,0,0,0,0,130,12,0,0,0,371,0,37,0,0,0,0,0,124,6,74,74,25,87,0,216,1899,0,0,0,46.161,-83.805,2.4,56.3,11.28,8.13,11.67,0.16,0.221,0.0107,1700,354,1.4,11.6,12.6,3.45,70.66,12.29,704.95,40.11,280.9,9.85,2.24,2.3,1.96,0.95,0.05,4.15,0.02,60.7,4326
1408,1,1,0,0,0,0,0,0,60,0,0,0,0,0,0,0,0,0,0,0,0,0,0,0,0,241,0,0,0,0,0,0,181,0,0,0,1146,0,60,0,483,0,0,0,0,0,0,543,0,302,0,241,362,0,0,0,46.147,-83.867,4,53.3,8.2,7.9,15.7,0.1,0.315,0.009,1721,315,1.33,4.62,40.05,0,22.33,37.62,54.3,1.52,11.85,8.51,1.31,2.34,2.72,1.01,0.04,1.52,0.09,77.73,4326
1412,1,1,0,0,0,0,1568,0,0,0,0,0,0,0,0,0,0,0,0,0,0,0,0,0,0,0,0,0,0,0,0,0,60,0,0,0,2352,0,0,0,181,0,241,0,0,60,0,60,0,3076,0,121,663,0,0,0,45.858,-82.733,17,63.8,5.9,7.63,13.5,0.09,0.354,0.0107,3044,572,2.45,9.99,76.57,0,1.03,22.4,3.72,0.57,1.98,13.69,1.47,5.3,3.26,2.22,0.09,1.67,0.16,60.31,4326
1415,1,1,0,0,0,0,1628,0,60,0,0,0,0,0,0,0,0,0,0,0,60,0,0,0,0,0,0,0,0,0,0,0,121,0,0,0,5066,0,60,0,0,0,0,0,0,0,0,844,60,1387,0,0,1086,0,0,0,45.933,-82.267,12,66.7,7.7,7.61,15.4,0.15,0.265,0.0083,3264,1287,2.97,11.01,67.34,0,0.4,32.26,5.05,0.72,2.49,13.43,1.16,5.93,3.73,2.29,0.11,0.94,0.28,59.37,4326
1500,1,1,0,0,0,0,0,0,0,0,0,0,0,241,60,0,0,0,0,0,0,0,0,0,0,241,603,0,121,0,0,0,0,0,0,0,10615,0,1508,0,2292,0,0,0,0,0,0,4825,60,1809,0,543,1146,0,0,0,46.003,-81.517,6,71,9.24,8.35,16.6,0.25,0.215,0.0079,2400,549,2.13,7.98,39.53,0,0.71,59.75,12.31,1.81,5.06,13.65,1.62,5.14,3.52,2.06,0.11,1.93,0.15,64,4326
1501,1,1,0,0,0,0,483,0,0,0,0,0,0,0,0,0,0,0,0,0,0,0,0,0,0,0,0,0,0,0,0,0,0,0,0,0,7841,0,0,0,0,0,0,0,0,0,0,1990,0,2473,0,0,543,0,0,0,46.022,-81.617,15,60.7,6.1,7.14,18.1,0.1,0.063,0.0097,2327,543,2.56,9.23,67.1,0,4.86,28.04,5.47,0.72,2.83,12.94,1.81,5.51,2.64,2.57,0.17,1.82,0.14,63.09,4326
1502,1,1,0,0,0,0,5850,0,0,0,0,0,0,0,0,0,0,0,0,0,0,0,0,0,0,0,0,0,0,0,0,0,0,0,0,0,724,60,181,0,0,0,0,0,0,0,0,0,0,1568,0,0,181,0,0,0,45.983,-81.633,23,68,9.3,8.06,9.5,0.09,0.283,0.0071,3484,858,3.17,10.96,75.6,0,2.6,21.79,3.81,0.53,2.29,14.03,1.65,5.59,3.14,2.55,0.1,1.66,0.19,59.79,4326
1503,1,1,0,0,0,0,7780,0,0,0,0,0,0,0,0,0,0,0,0,0,0,0,0,0,0,0,0,0,0,0,0,0,0,0,0,0,1870,0,0,0,0,0,0,0,0,0,0,60,0,4282,0,362,60,0,0,0,46.025,-81.7,14,69,6.7,7.85,10.5,0.12,0.245,0.0109,2819,458,2.62,10.53,69.3,0,7.09,23.61,5.19,0.55,2.75,13.37,1.52,5.07,3.14,2.34,0.14,1.55,0.16,60.3,4326
1504,1,1,0,0,0,0,2533,0,60,0,0,0,0,0,0,0,0,0,0,0,0,0,0,0,0,0,0,0,0,0,0,0,0,0,0,0,2051,0,0,0,0,0,0,0,0,0,0,181,0,1628,0,0,1086,0,0,0,46.066,-81.867,28,60.2,7,8.21,18.4,0.12,0.16,0.0053,2100,515,1.95,7.17,69.32,0,6.06,24.62,4.94,0.6,2.63,12.71,1.74,4.66,2.31,2.13,0.09,2.08,0.17,66.64,4326
1505,1,1,0,0,0,0,4584,0,0,0,0,0,0,0,0,0,0,0,0,0,0,0,0,0,0,0,0,0,0,0,0,0,0,0,0,0,1568,0,0,0,0,0,0,0,0,0,0,60,0,1809,0,60,121,0,0,0,46.083,-82.05,23,61.1,6.1,8.39,13.6,0.11,0.236,0.0059,3101,715,2.57,9.54,45.52,0,7.95,46.53,14.15,1.28,5.39,13.32,1.74,5.16,2.88,2.27,0.13,1.85,0.18,61.15,4326
1507,1,1,0,0,0,0,0,0,60,0,0,0,0,0,60,0,0,0,0,0,0,0,0,0,0,784,1448,0,0,0,0,0,0,0,0,0,5609,0,784,0,8565,0,0,0,0,0,0,60,0,1025,0,543,3559,0,0,0,46.033,-82.083,21,61.9,6.8,8.1,14.4,0.09,0.202,0.0059,4317,686,2.68,10.94,76.12,0,0.98,22.9,3.77,0.62,2.01,14.46,1.64,5.92,3.17,2.57,0.13,1.63,0.22,59.64,4326
1510,1,1,0,0,0,0,0,0,0,0,0,0,0,0,0,0,0,0,0,0,0,0,0,0,0,0,0,0,0,0,0,0,0,0,0,0,155,0,0,0,6,0,0,0,315,0,0,0,0,0,0,0,118,19,0,0,45.992,-82.334,15.9,64.3,10.19,8.1,13.46,0.18,0.187,0.0054,338,1060,0.3,4.09,23.726,4.783,63.439,8.052,894.998,6.974,240.751,11.6,2.45,3.76,2.37,1.79,0.12,2.16,0.02,60.5,4326
1511,1,1,0,0,0,0,0,0,0,0,0,0,0,0,0,0,0,0,0,0,0,0,0,0,0,0,0,0,0,0,0,0,0,0,0,0,2292,0,0,0,0,0,121,0,0,0,0,0,0,60,0,0,844,0,0,0,46.139,-82.337,39.5,62.5,9.11,7.8,12.31,0.17,0.237,0.0048,4060,1190,3.3,12.1,55.337,0,0.644,44.019,12.532,NA,8.8,12.8,1.76,6.89,2.42,1.12,0.56,0.01,0.02,55.8,4326
1512,1,1,0,0,0,0,724,0,0,0,0,0,0,0,0,0,0,0,0,0,0,0,0,0,0,0,0,0,0,0,0,0,0,0,0,0,483,0,0,0,0,0,0,0,0,0,0,0,0,181,0,0,60,0,0,0,46.067,-82.308,21.8,64.1,9.56,7.96,12.76,0.16,0.219,0.0058,1220,1520,0.9,6.33,35.781,0,34.904,29.315,172.073,1.777,40.609,10.5,1.97,6.4,2.1,1.24,1.06,0.01,0.02,59.3,4326
1513,1,1,0,0,0,0,1327,0,0,0,0,0,0,0,0,0,0,0,0,0,0,0,60,0,0,0,121,0,0,0,0,0,0,0,0,0,844,0,0,0,0,0,0,0,0,0,0,0,0,362,0,422,241,0,0,0,46.087,-82.233,15.17,67.8,9.23,8,16.28,0.15,0.211,0.0067,2620,1290,2,7.39,38.946,0,7.322,53.732,17.84,1.049,9.268,11.4,1.71,4.45,5.17,1.8,1.66,0.49,3.19,53.4,4326
1600,1,1,0,6,0,0,0,0,0,0,0,0,6,12,12,0,0,0,0,0,0,0,148,0,0,0,0,0,0,0,0,6,6,0,0,12,2709,0,0,0,0,0,0,0,371,6,297,179,0,0,6,0,705,25,0,0,44.767,-79.718,0.52,83.7,7.22,8.04,16.06,0.35,0.003,0.0155,322,859,0.2,0.78,0,0.262,99.667,0.071,400.819,246.426,310.84,10.6,2.8,4,1,1.2,0.13,1.5,1.5,43.7,4326
1604,1,1,0,0,0,0,0,0,0,0,0,0,0,0,0,0,0,0,0,0,0,0,0,0,0,0,0,0,0,0,0,0,0,0,0,0,603,0,0,0,0,0,60,0,0,0,0,60,0,60,0,0,181,0,0,0,44.908,-79.912,19,60.9,5,7.6,13.9,0.18,0.132,0.008,7900,2100,6.07,30.89,47.65,0,2.72,49.63,10.74,0.94,4.66,9.41,1.56,5.74,1.97,1.54,0.1,0.87,0.15,46.05,4326
1605,1,1,0,0,0,0,0,0,60,0,0,0,0,0,0,0,0,60,0,0,0,0,0,0,0,0,0,0,0,0,0,0,0,0,0,0,784,0,0,0,0,0,0,0,0,0,0,0,0,121,0,0,0,0,0,0,44.998,-79.979,11,65.9,6.8,8.9,13.2,0.2,0.149,0.0064,5075,895,5.08,14.73,18.2,0,50.11,31.69,146.89,6.76,35.15,11.89,2.74,7.39,2.2,2.24,0.1,1.9,0.28,54.57,4326
1607,1,1,0,0,0,0,2292,0,0,0,0,0,0,0,0,0,0,0,0,0,0,0,0,0,0,0,0,0,0,0,0,0,0,0,0,0,181,0,0,0,0,0,0,0,0,0,0,0,0,543,0,0,1689,0,0,0,44.999,-80.169,52,71.9,11.64,7.74,5.5,0.17,0.326,0.0044,5660,1094,4.81,14.42,64.89,0,0.56,34.55,5.52,0.73,2.79,13.7,1.72,6.48,3.04,2.05,0.21,1.48,0.34,55.08,4326
1611,1,1,0,0,0,0,0,0,4644,0,0,0,0,0,121,0,0,241,0,0,0,0,1628,0,0,0,302,0,241,0,0,0,7720,0,0,0,21894,0,543,0,0,0,0,0,0,0,0,844,241,905,0,60,724,0,0,0,45.352,-80.25,7,67.8,9.5,8.8,12.4,0.16,0.019,0.0053,900,700,0.72,1.87,4,0,91.86,4.14,225.68,92.74,150.32,13,3.53,4.27,2.69,1.37,0.09,3.33,0.16,68.29,4326
1612,1,1,0,0,0,0,0,0,1568,0,0,0,0,0,60,0,0,0,60,0,0,0,302,0,0,0,1508,0,0,0,0,0,2111,0,0,60,6635,0,0,0,0,0,0,0,0,0,0,60,0,1267,0,181,1628,0,0,0,45.404,-80.315,5,71.1,7.6,8.9,12.7,0.18,0.073,0.0081,800,900,0.86,2,4,0.42,91.45,4.13,164.2,91.21,127.25,13.35,4.92,7.13,2.44,1.87,0.18,3.01,0.56,62.28,4326
1613,1,1,0,0,0,0,2955,0,0,0,0,0,0,0,0,0,0,0,0,0,0,0,0,0,0,0,121,0,0,0,0,0,0,0,0,0,0,0,0,0,0,0,0,0,0,0,0,0,0,483,0,0,7720,60,0,0,45.383,-80.4,20,71.3,7.3,8.7,10.3,0.33,0.281,0.037,1100,700,0.96,3.55,2.79,0,94.21,3,155.02,93.11,121.03,12.43,2.66,3.77,3.1,1.25,0.08,2.99,0.17,68.57,4326
1614,1,1,0,0,0,0,1809,0,0,0,0,0,0,0,0,0,0,0,0,0,0,0,60,0,0,0,0,0,0,0,0,0,0,0,0,0,302,0,0,0,0,0,0,0,0,0,0,60,0,1628,0,0,121,0,0,0,45.888,-80.755,20,69,7.9,8.8,13.4,0.17,0.132,0.0084,4160,970,3.76,13.27,58.83,0,1.43,39.74,6.63,0.74,3.52,12.6,2,6.35,2.32,2.18,0.12,2.07,0.25,59.12,4326
2200,1,1,0,0,0,0,0,0,118,0,0,0,0,0,0,0,0,0,0,0,0,0,532,0,0,0,12,0,0,0,0,0,0,0,0,12,6277,0,0,0,0,0,0,0,0,0,0,2492,0,6,0,25,1422,6,0,0,46.137,-82.613,2.9,64.4,11.2,8.23,13.59,0.18,0.21,0.0038,350,134,0.3,2.37,0,0.22,97.82,1.96,342.3,228.21,285.32,10.6,2.09,2.17,2.2,1,0.05,3.63,0.18,68.5,4326
2201,1,1,0,0,0,0,0,0,0,0,0,0,0,0,0,0,0,0,0,0,0,0,0,0,0,0,0,0,0,0,0,0,60,0,0,0,724,0,0,0,0,0,0,0,0,0,0,302,0,241,0,0,483,0,0,0,46.156,-82.622,14,51.4,9.72,7.86,13,0.21,0.212,0.007,3180,1990,2.6,11.4,55.408,0,3.809,40.784,11.429,NA,7.994,12.5,3.41,8.12,1.93,2.14,0.87,0.01,0.02,55.6,4326
2202,1,1,0,0,0,0,192,0,0,0,0,0,0,0,0,0,0,0,0,0,105,0,0,0,0,0,0,0,0,0,0,0,0,0,0,0,43,0,0,0,0,0,0,0,0,0,0,6,0,25,0,0,19,0,0,0,46.114,-82.573,27,67.6,9.6,7.34,10.49,0.16,0.293,0.0062,536,448,0.1,5.67,18.63,4.44,51.96,24.95,631.12,8.31,131.74,10.7,5.11,3.24,1.96,2.78,0.25,2.9,0.32,58.6,4326
2205,1,1,0,0,0,0,1025,0,0,0,0,0,0,0,0,0,0,0,0,0,0,0,0,0,0,0,0,0,0,0,0,0,0,0,0,0,784,0,0,0,60,0,0,0,0,0,0,0,0,784,0,0,905,60,0,0,46.117,-82.467,22,62.2,7.6,7.41,13.8,0.12,0.315,0.0086,672,629,0.59,2.82,7.58,0.33,92.09,0,160.34,95.42,127.36,11.44,1.91,3.18,2.78,1.09,0.09,2.83,0.11,73.89,4326
2400,1,1,0,0,0,0,1146,0,0,0,0,0,0,0,0,0,0,0,0,0,0,0,0,0,0,0,0,0,0,0,0,0,0,0,0,0,2292,0,0,0,0,0,0,0,0,0,0,0,0,60,0,0,60,543,0,0,47.92,-84.872,80,41,11.6,7.79,12.4,0.18,0.305,0.0283,1336,1050,1.58,4.78,33.58,0,27.03,39.39,66.89,2.46,12.67,12.09,2.7,5.39,2.02,1.68,0.26,3,0.19,67,4326
2410,1,1,0,0,0,0,1146,0,0,0,0,0,0,0,0,0,0,0,0,0,0,0,60,0,0,0,0,0,0,0,0,0,0,0,0,0,362,0,0,0,0,0,0,0,0,0,0,0,0,784,0,0,121,181,0,0,47.383,-84.721,62,38.5,12.82,7.48,5.46,0.09,0.366,0.0042,614,720,0.48,2.85,6.07,0,56.84,37.1,110.51,23.48,56.38,11.58,2.62,3.71,2.09,1.26,0.13,3.41,0.18,71.14,4326
2414,1,1,0,0,0,0,2413,0,0,0,0,0,0,0,0,0,0,0,0,0,543,0,0,0,0,0,0,0,0,0,0,0,0,0,0,0,483,0,0,0,0,0,0,0,0,0,0,0,0,965,0,0,663,60,0,0,47.261,-84.624,45,42.6,10.6,7.83,14.5,0.07,0.303,0.0038,495,165,0.4,5.89,10.83,0,89.17,0,139.14,76.53,108.9,4.75,3.5,1.06,2.42,1.89,0.02,0.68,0.05,78.06,4326
2500,1,1,0,0,0,0,971,0,0,0,0,0,0,0,0,0,0,0,0,0,1095,0,6,0,0,0,0,0,0,0,0,0,0,0,0,0,235,0,0,0,0,0,0,0,0,0,0,0,0,43,0,0,118,93,0,0,48.533,-86.276,86,43,12.62,7.87,5.12,0.45,0.371,0.0044,576,600,0.4,5.38,28.544,0,38.761,32.695,132.03,3.155,51.141,10.5,4.07,2.09,1.83,2.01,0.04,2.6,0.02,65.7,4326
2501,1,1,0,0,0,0,538,0,0,0,0,0,0,0,0,0,0,0,0,0,0,0,105,0,0,0,0,0,0,0,0,0,0,0,0,0,31,0,0,0,0,0,0,0,0,0,0,247,0,6,0,0,5813,0,0,0,48.592,-86.327,28.7,43.9,11.53,7.89,10.65,0.14,0.32,0.0036,367,481,0.05,14.8,29.218,0,17.774,53.008,41.522,3.581,26.101,7.9,10.4,1.83,1.51,4.13,0.04,0.01,0.02,48.6,4326
2502,1,1,0,0,0,0,6514,0,0,0,0,0,0,0,0,0,0,0,0,0,965,0,0,0,0,0,0,0,0,0,0,0,0,0,0,0,2654,0,0,0,0,0,0,0,0,0,0,121,0,121,0,0,0,1327,0,0,48.625,-86.335,30,44.8,12.5,7.61,8.2,0.08,0.305,0.0062,372,645,0.17,5.3,12.43,2.58,71.99,13,119.93,62.14,104.75,10.49,4.55,2.55,1.83,2.48,0.04,2.8,0.13,68.75,4326
2504,1,1,0,0,0,0,1267,0,0,0,0,0,0,0,0,0,0,0,0,0,0,0,0,0,0,0,0,0,0,0,0,0,0,0,0,0,724,0,0,0,0,0,0,0,0,0,0,0,0,1146,0,0,1749,0,0,0,48.727,-86.616,51.8,43.3,12.5,7.78,5.44,0.11,0.359,0.004,1280,920,1.2,5.33,38.728,0,7.947,53.325,23.253,NA,16.12,11.3,2.2,3.7,2.14,1.46,0.21,2.33,0.02,54.8,4326
2505,1,1,0,0,0,0,148,6,0,0,0,6,0,0,0,0,19,0,0,0,470,0,0,0,12,0,0,0,6,0,0,0,0,0,0,0,5034,0,6,0,297,0,0,0,0,0,0,204,0,761,0,266,111,62,0,0,48.709,-86.645,24.5,41,10.62,8.07,11.73,0.13,0.338,0.0085,415,595,0.45,1.76,9.15,0,76.3,14.55,161.54,65.46,71.53,12.02,2.43,3.16,2.7,0.98,0.06,3.45,0.06,77.88,4326
2506,1,1,0,0,0,0,2533,0,0,0,0,0,0,0,0,0,0,0,0,0,241,0,0,0,0,0,0,0,0,0,0,0,0,0,0,0,241,0,0,0,0,0,0,0,0,0,0,0,0,362,0,0,1267,0,0,0,48.757,-86.661,83.5,43.2,12.18,7.86,4.21,0.1,0.376,0.004,1410,801,1.3,13.6,34.244,0,1.062,64.694,21.402,2.249,13.943,10.3,6.67,3.33,1.96,4.56,0.12,0.01,0.02,54.8,4326
2507,1,1,0,0,0,0,1448,0,0,0,0,0,0,0,0,0,0,0,0,0,181,0,0,0,0,0,0,0,0,0,0,0,0,0,0,0,121,0,0,0,0,0,0,0,0,0,0,0,0,241,0,0,2171,0,0,0,48.788,-86.697,65.5,45.2,12.57,7.93,4.64,0.1,0.374,0.0034,1050,554,1.1,13.1,37.535,0,3.198,59.267,25.961,NA,16.399,10.1,6.23,3.06,1.73,4.28,0.08,0.01,0.02,55.8,4326
2512,1,1,0,0,19,6,414,0,12,0,0,0,0,6,25,6,0,0,0,0,235,0,25,0,6,12,0,0,0,0,0,0,0,0,0,0,686,0,0,0,37,0,0,0,0,6,0,6,0,291,0,0,829,74,0,0,48.85,-87.608,6.8,43.3,10.56,7.09,13.4,0.14,0.315,0.0036,321,479,0.05,12.5,41.42,7.48,34.7,16.4,662.16,1.26,64.63,11.5,9.24,5.13,2.3,4.63,0.08,3.31,0.1,45.1,4326
2513,1,1,0,0,0,0,1809,0,0,0,0,0,0,0,0,0,0,0,0,0,0,0,0,0,0,0,0,0,0,0,0,0,0,0,0,0,241,0,0,0,0,0,0,0,0,0,0,0,0,663,0,0,60,121,0,0,48.885,-87.676,31.7,43.4,11.01,7.59,7.49,0.08,0.375,0.0053,1186,707,1,6,37.55,3.63,34.99,23.82,147.21,1.27,23.23,13.48,2.33,5.52,2.86,2.33,0.15,2.66,0.31,64.02,4326
2514,1,1,0,0,0,0,663,0,241,0,0,0,0,0,543,0,0,0,0,0,0,0,0,0,0,0,121,603,0,0,0,0,0,0,0,0,7177,0,0,0,0,0,0,0,0,0,0,1809,0,1387,0,302,1508,241,0,0,48.902,-87.815,11.4,51.2,9.73,7.89,14.75,0.22,0.259,0.0076,586,653,0.5,2.25,12.15,0,73.74,14.1,121.17,41.84,55.8,11.62,1.99,2.43,2.43,1.14,0.04,3.01,0.23,75.78,4326
2600,1,1,0,0,0,0,2051,0,0,0,0,0,0,0,0,0,0,0,0,0,663,0,0,0,0,0,0,0,0,0,0,0,0,0,0,0,1870,0,0,0,0,0,0,0,0,0,0,0,0,844,0,0,422,302,0,0,47.932,-84.877,66,42.5,11.5,7.83,12.8,0.11,0.308,0.0042,984,600,1.06,3.64,19.34,0,80.66,0,155.32,68.35,106.68,11.85,2.88,4.12,1.94,1.59,0.13,3.23,0.12,68.82,4326
2616,1,1,0,0,0,0,1809,0,0,0,0,0,0,0,0,0,0,0,0,0,3378,0,0,0,0,0,0,0,0,0,0,0,0,0,0,0,121,0,0,0,0,0,0,0,0,0,0,0,0,0,0,0,0,603,0,0,48.349,-86.195,82,43.4,12.2,7.91,6.6,0.04,0.33,0.0052,558,676,0.68,2.39,14.18,0,85.82,0,146.66,73.76,108.02,12.14,2.09,2.44,2.28,1.07,0.05,3.15,0.1,72.22,4326
2618,1,1,0,0,0,0,2714,0,0,0,0,0,0,0,0,0,0,0,0,0,6815,0,0,0,0,0,0,0,0,0,0,0,0,0,0,0,241,0,0,0,0,0,0,0,60,0,0,121,0,362,0,0,60,1930,0,0,48.418,-86.245,87,40.9,12.59,7.85,5.39,0.08,0.392,0.0063,855,595,0.76,3.12,19.11,0,38.51,42.39,82.18,7.13,23.38,12.2,2.4,3.08,2.43,1.25,0.06,3.03,0.15,73.18,4326
2619,1,1,0,0,0,0,784,0,0,0,0,0,0,0,0,0,0,0,0,0,2051,0,0,0,0,60,0,0,0,0,0,0,0,0,0,0,121,0,0,0,0,0,0,0,0,0,0,0,0,60,0,0,0,0,0,0,48.46,-86.255,73,40,10.75,8.1,10.65,0.12,0.333,0.0037,1030,707,0.91,3.48,26.39,0,23.29,50.32,45.9,3.49,15.29,12.09,2.48,3.05,2.47,1.26,0.07,2.99,0.16,72.1,4326
303,1,1,0,0,0,0,0,0,0,0,0,0,0,0,0,0,0,0,0,0,0,0,0,0,0,0,0,0,0,0,0,0,0,0,0,0,60,0,0,0,0,0,0,0,0,0,0,2111,0,543,0,0,98251,0,0,0,42.564,-80.041,24.5,91,5.92,8.01,14.63,0.2,0.24,0.0081,646,605,0.58,15.72,18.38,0,4.46,77.16,27.09,5.77,13.9,9.06,14.85,3.59,2.18,4.03,0.09,1.42,0.27,48.98,4326
304,1,1,0,0,0,0,0,0,0,121,0,0,0,0,0,0,0,0,0,0,181,0,0,0,0,784,2533,0,0,0,0,0,663,0,0,241,3739,0,0,0,0,0,0,0,241,0,0,181,0,362,0,0,663,0,0,0,42.611,-80.311,1,96.8,12.8,7.8,14.3,0.3,0.011,0.0105,2794,26,6.16,16.04,39.17,0,19.81,41.02,28.84,1.84,10.85,10.61,4.91,3.34,2.35,1.79,0.05,1.58,0.11,57.42,4326
306,1,1,0,0,0,0,0,0,0,0,0,0,0,1086,1267,0,0,0,0,0,0,0,0,0,0,4343,11942,0,0,60,1628,422,4765,0,0,302,6876,60,181,0,0,0,0,0,18456,121,784,11218,60,2051,60,1930,18456,0,0,0,42.619,-80.305,1.4,95.5,9.95,8.26,14.29,0.25,0.076,0.0085,740,522,0.05,10.8,1.274,0,31.419,67.307,138.17,27.135,52.663,8.1,10.6,2.2,1.5,2.4,0.04,1.5,1,52,4326
307,1,1,0,0,0,0,0,0,0,0,0,0,0,0,0,0,0,0,0,0,0,0,0,0,0,0,49,0,0,0,563,0,0,0,0,0,1027,0,0,0,0,0,0,0,111,0,0,93,0,1212,0,105,8176,0,0,0,42.6,-80.233,7,95.4,10.14,8.41,15.05,0.22,0.091,0.0096,486,722,0.05,12.4,2.511,0,10.672,86.817,41.932,18.533,28.801,7.4,10.9,2.5,1.3,3.3,0.05,1.5,1,46.9,4326
309,1,1,0,0,0,0,0,0,0,0,0,0,0,0,121,0,0,0,0,0,60,0,0,0,0,0,844,0,0,0,0,0,0,0,0,483,9107,0,0,0,302,0,0,0,422,60,844,1448,0,0,0,0,5368,0,0,0,42.624,-80.436,1.1,66,11.12,9.53,14.49,0.42,0.01,0.0108,3040,550,2.6,25.7,0.997,0,5.557,93.447,38.555,17.154,24.546,6.7,20.4,2.9,1.2,2.5,0.08,1.5,1,34.7,4326
311,1,1,0,0,0,0,0,0,0,0,0,0,0,0,60,0,0,0,0,0,0,60,0,0,0,0,663,0,0,0,0,0,0,0,0,60,4222,0,181,0,0,0,0,0,24367,241,241,302,121,0,0,60,11460,302,0,0,42.63,-80.431,1.6,55.9,11.15,9.51,15.18,0.37,0.005,0.0106,2390,608,2.29,22.6,18.33,0,0.57,81.1,26.17,5.74,13.05,7.65,18.21,2.93,1.65,2.87,0.1,1.13,0.24,42.67,4326
312,1,1,0,0,0,0,0,0,0,0,0,0,0,0,6,0,0,0,0,0,0,0,0,0,0,19,43,0,0,0,6,0,0,0,0,12,3463,0,0,0,0,0,0,0,365,0,0,192,0,19,0,25,4385,0,0,0,42.683,-80.3,6.5,94.7,10.04,8.33,14.39,0.28,0.098,0.0077,490,958,0.05,9.3,1.535,0,46.527,51.938,180.335,27.326,63.417,7.7,9.3,3.2,1.4,3,0.06,1.5,1,50.5,4326
313,1,1,0,0,0,0,0,0,0,0,0,0,0,0,2051,60,0,0,0,0,2533,0,0,0,0,10133,8384,0,0,0,0,0,60,0,0,0,76357,0,0,0,241,0,0,0,0,181,0,50905,0,483,0,3438,40169,181,0,0,42.701,-80.267,8,86.8,9.41,8.07,19.14,0.24,0.215,0.0079,527,384,0.81,14.22,8.6,0,71.37,20.03,225.27,37.03,86.21,8.66,13.62,4.13,2.06,3.75,0.09,1.78,0.27,51.02,4326
400,1,1,0,0,0,0,0,0,0,0,0,0,0,0,0,0,0,0,0,0,0,60,0,0,0,60,121,0,0,0,0,0,0,0,0,0,1086,0,60,0,362,0,362,0,302,60,543,603,0,181,0,0,3619,0,0,0,44.018,-77.698,2.9,88.7,10.65,8.86,16.75,0.45,0.009,0.0123,3040,487,2.03,17.6,6.799,0,18.851,74.351,44.492,16.074,23.309,7.8,17,2.2,1.5,1.5,0.05,1.5,1,42.7,4326
401,1,1,0,0,0,0,0,0,0,0,0,0,0,0,60,0,0,0,0,0,0,0,0,0,0,60,543,0,0,0,0,0,0,0,0,0,724,0,0,0,483,0,0,0,0,0,60,0,0,483,0,422,302,0,0,0,44.013,-77.708,3.1,91.8,10.34,8.74,16.59,0.6,0.007,0.0167,7970,465,6.99,36.4,6.299,3.862,0,89.839,35.674,15.792,19.403,4.9,25,2.5,0.5,1.5,0.07,1.5,1,23.2,4326
402,1,1,0,0,0,0,0,0,0,0,0,0,0,0,0,0,0,0,0,0,0,0,121,0,0,724,60,0,0,0,0,0,0,0,0,0,1206,0,0,0,1628,0,0,0,724,362,1086,483,0,121,0,362,60,0,0,0,44.004,-77.695,0.7,84.8,9.22,8.62,16.83,0.51,0.006,0.0225,3790,430,4.27,27.1,6.902,0,14.212,78.886,40.227,15.931,22.079,6,23,2,1.2,1.3,0.05,1.5,1,33.5,4326
403,1,1,0,0,0,0,0,0,0,0,0,663,0,0,603,0,121,0,0,0,0,60,0,0,0,241,362,0,0,0,0,0,0,0,0,60,6152,0,362,0,0,0,0,0,60,0,302,60,0,241,0,60,1568,121,0,0,44.008,-77.717,2.5,99.2,9.8,7.8,12.4,0.44,0.005,0.0165,9900,708,7.55,41.07,26.72,0,1.03,72.25,17.47,3.6,8.6,3.95,25.47,2.58,0.91,1.29,0.05,0.39,0.26,22.56,4326
404,1,1,0,0,0,0,0,0,0,0,0,1327,0,181,60,0,905,0,0,0,0,0,0,0,0,4644,302,0,60,0,0,0,0,0,0,0,5187,0,181,0,2111,0,0,0,1628,0,0,241,543,1870,0,302,4282,60,0,0,44.011,-77.698,3.5,95,10.3,8.1,12.4,0.38,0.042,0.0112,2990,600,2.96,25.99,14.72,0,14.98,70.31,36.33,7.36,18.81,7.75,19.22,2.21,1.6,1.44,0.06,1.4,0.23,38.86,4326
405,1,1,0,0,0,0,0,0,0,0,0,1086,0,0,3981,0,0,0,0,0,0,60,0,0,0,1267,1448,0,0,0,0,60,0,0,0,0,2774,0,422,0,1206,0,0,0,181,0,784,422,362,0,0,784,2593,0,0,0,44,-77.708,0.9,95.9,9.23,6.6,12.9,0.38,0.026,0.0184,9060,839,7.78,41.27,24.81,0,1.98,73.22,20.78,3.94,10.01,5.62,25.65,2.5,0.96,1.27,0.06,0.24,0.25,20.39,4326
406,1,1,0,0,0,0,0,0,0,0,0,0,0,0,0,0,0,0,0,0,0,0,0,0,0,60,302,0,0,0,0,0,0,0,0,0,3378,0,121,0,2171,302,0,0,0,0,0,0,60,6454,0,603,2051,121,0,0,44.005,-77.694,3,95.3,10.1,8.7,5.1,0.56,0.026,0.0191,2230,110,1.73,16.55,46.67,0,53.33,0,102.67,62.5,106.44,8.42,17.88,2.25,1.59,1.4,0.05,2,0.17,48.04,4326
412,1,1,0,0,0,0,30881,0,0,0,0,0,0,0,0,0,0,0,0,0,12786,0,0,0,0,0,0,0,0,0,0,0,0,0,0,0,422,0,0,0,0,0,0,0,0,0,0,422,0,2292,0,0,483,0,0,0,43.831,-77.922,74,97.1,11.14,7.72,6.5,0.17,0.317,0.0122,644,439,2.58,1.67,1.63,0,98.37,0,280.22,151.82,203.69,7.82,1.82,1.69,1.87,0.59,0.45,2.33,0.1,81.17,4326
504,1,1,0,0,0,0,0,0,0,0,0,0,0,0,0,0,0,0,0,0,0,0,0,0,0,0,0,0,0,0,0,0,0,0,0,0,7720,0,0,0,0,0,0,0,0,0,0,1086,0,0,0,0,32027,0,0,0,43.37,-81.767,9.7,80.1,9.18,8.09,17.8,0.15,0.282,0.0029,185,432,0.05,17.2,0,0.99,93.231,5.778,114.445,72.83,101.228,5.8,13.7,1.7,1,7.5,0.05,1.5,1.5,46.5,4326
507,1,1,0,0,0,0,0,0,0,0,0,0,0,0,0,0,0,0,0,0,121,0,0,0,0,0,0,0,0,0,0,0,0,0,0,0,0,0,0,0,0,0,0,0,0,0,0,12907,0,0,422,0,14897,0,0,0,43.906,-81.874,32.3,79.2,10.07,7.84,9.72,0.17,0.284,0.0027,1050,518,0.7,11.4,4.03,0,49.485,46.485,74.192,18.562,32.949,7.3,7.2,3.8,1,4.6,0.1,1.5,1.5,43.4,4326
5100,1,1,0,0,0,0,1990,0,0,0,0,0,0,0,0,0,0,0,0,0,0,0,0,0,0,0,0,0,0,0,0,0,0,0,0,0,784,0,0,0,0,0,0,0,0,0,0,0,0,121,0,0,1689,0,0,0,48.741,-87.94,49,43.2,11.6,7.56,7.07,0.1,0.377,0.0041,3480,1380,2.3,13.3,34.75,0,1.07,64.18,26.413,2.71,12.88,15.1,2.05,8.48,2.99,3.08,0.2,4.33,0.18,58.3,4326
5101,1,1,0,0,0,0,1508,0,0,0,0,0,0,0,0,0,0,0,0,0,0,0,0,0,0,0,0,0,0,0,0,0,0,0,0,0,241,0,0,0,0,0,0,0,0,0,0,121,0,60,0,0,1628,121,0,0,48.836,-87.75,50.6,46.8,10.26,7.95,14.3,0.16,0.327,0.0074,1580,823,1.1,9.02,55.68,0,1.94,42.38,10.57,1.46,5.81,16.1,2.14,7.84,3.12,4.09,0.27,4.37,0.21,58.8,4326
5102,1,1,0,0,0,0,538,0,12,0,0,0,0,0,25,12,0,0,0,0,68,0,31,0,0,12,0,0,0,0,0,0,0,0,0,0,643,0,0,0,6,0,0,0,0,6,0,87,0,74,0,19,965,37,0,0,48.774,-87.727,27,46.2,10.3,7.9,13.57,0.15,0.282,0.0039,954,620,0.6,4.72,17.03,0,62.51,20.46,210.57,14.72,83.78,13,3.22,6.49,2.08,2.39,0.1,4.68,0.02,64.8,4326
5103,1,1,0,0,0,0,2835,0,0,0,0,0,0,0,0,0,0,0,0,0,0,0,0,0,0,0,0,0,0,0,0,0,0,0,0,0,905,0,0,0,0,0,0,0,0,0,0,663,0,1870,0,0,6212,0,0,0,48.805,-87.749,16.8,49.7,10.1,7.87,13.8,0.16,0.254,0.0057,2310,879,1.7,11,39.46,0,1.93,58.6,18.17,2.79,9.41,15.6,2.51,8.55,2.92,3.87,0.25,4.39,0.06,58.1,4326
5104,1,1,0,0,0,0,2111,0,0,0,0,0,0,0,0,0,0,0,0,0,0,0,60,0,0,0,0,0,0,0,0,0,0,0,0,0,181,0,0,0,0,0,0,0,0,0,0,181,0,60,0,0,60,905,0,0,48.72,-87.924,38.4,43.8,10.58,7.94,13.47,0.19,0.324,0.0052,487,576,0.3,13.3,64.47,0.56,24.2,10.77,72.28,NA,11.26,13,2.52,7.36,2.24,3.05,0.16,4.54,0.06,49,4326
5105,1,1,0,0,0,0,1749,0,0,0,0,0,0,0,0,0,0,0,0,0,0,0,0,0,0,0,0,0,0,0,0,0,0,0,0,0,2111,0,0,0,0,0,0,0,0,0,0,0,0,1267,0,0,1146,0,0,0,48.607,-88.187,41.7,44.6,10.72,7.9,11.6,0.14,0.289,0.0036,1960,968,1.3,8.92,31.77,0,17.11,51.13,36.45,3.44,19.78,13.9,2.6,7.62,2.37,3.3,0.16,4.67,0.18,50.5,4326
5107,1,1,0,0,0,0,3284,0,0,0,6,0,0,0,0,0,0,0,0,0,476,0,0,0,0,0,0,0,136,0,0,0,0,0,0,0,829,0,49,0,118,0,0,0,6,0,0,198,19,1361,0,111,161,1398,0,6,48.432,-88.492,21.2,41.6,12.05,7.83,5.05,0.06,0.378,0.0056,493,709,0.1,13.87,83.8,0,8.43,7.77,2.17,0,1.95,12.13,12.5,7.62,2.35,4.88,0.12,1.94,0.26,44.12,4326
5108,1,1,0,0,0,0,173,0,0,0,0,0,0,0,0,0,0,0,0,0,37,0,0,0,0,0,0,0,0,0,0,0,0,0,0,0,606,0,0,0,0,0,0,0,0,0,0,6,0,396,0,0,161,0,0,0,48.395,-88.596,22.6,42.9,10.57,7.88,12.72,0.13,0.305,0.0042,637,619,0.3,2.77,20.216,0,56.503,23.282,195.936,9.807,79.063,11,5.92,9.21,1.02,4.78,0.14,2.21,0.02,58.6,4326
5110,1,1,0,0,0,0,483,0,0,0,0,0,0,0,0,0,0,0,0,0,905,0,0,0,0,0,0,0,0,0,0,0,0,0,0,0,302,0,0,0,0,0,0,0,0,0,0,603,0,60,0,0,121,241,0,0,48.596,-88.514,20.8,48.4,10.55,7.97,12.11,0.17,0.291,0.0119,912,581,0.8,36.5,54.918,0,1.981,43.102,11.317,NA,7.651,13.8,4.09,7,1.98,4.29,0.18,0.01,0.02,53.7,4326
5112,1,1,0,0,0,0,1025,0,0,0,0,0,0,0,0,0,0,0,0,0,0,0,0,0,0,0,0,0,0,0,0,0,0,0,0,0,483,0,0,0,0,0,0,0,0,0,0,0,0,121,0,0,1628,905,0,0,48.424,-88.672,43.5,49,10.09,8.01,11.3,0.14,0.294,0.0115,1810,1130,1.2,6.79,51.516,0,1.628,46.856,12.075,1.011,7.909,13.6,3.08,7.01,2.01,3.58,0.21,0.01,0.02,53.5,4326
5113,1,1,0,0,0,0,204,0,0,0,0,0,0,0,0,0,0,0,0,0,62,0,0,0,0,0,6,0,0,0,0,0,0,0,0,0,891,0,0,0,0,0,0,0,0,0,0,0,0,43,0,0,0,87,0,0,48.36,-88.66,26.2,46.2,10.59,7.85,12.21,0.15,0.289,0.0088,352,552,0.05,14.1,70.975,0,13.987,15.038,7.29,NA,7.639,11,11.1,5.33,1.86,3.86,0.12,0.01,0.02,44.1,4326
5114,1,1,0,0,0,0,9107,0,0,0,0,0,0,0,0,0,0,0,0,0,2051,0,181,0,0,0,0,0,0,0,0,0,0,0,0,0,15018,0,0,0,422,0,0,0,0,0,0,543,0,7298,0,1387,5669,1809,0,0,48.37,-88.874,11,41.4,11.13,7.52,8.09,0.1,0.303,0.0061,807,536,0.5,3.09,7.93,0.67,74.81,16.6,131.28,63.44,73.92,10.67,2.61,5.88,2.39,2.3,0.18,1.65,0.22,68.83,4326
601,1,1,0,0,0,0,0,0,60,0,0,0,0,0,0,0,0,0,0,0,0,0,0,0,0,0,121,0,0,0,0,0,0,0,0,0,1809,0,0,0,0,0,0,0,0,0,0,0,0,181,0,60,302,0,0,0,44.853,-81.339,2,78.7,9.7,7.1,21.2,0.22,0.057,0.0227,6205,245,5.68,26.97,37.37,0,17.48,45.16,30.89,1.94,8.81,8.01,10.64,3.29,2.01,7.33,0.06,0.9,0.21,40.08,4326
602,1,1,0,0,0,0,0,0,0,0,0,0,0,0,302,0,0,0,0,0,0,0,60,0,0,2111,0,0,0,0,0,0,121,0,0,0,14475,0,241,0,1146,0,0,0,1930,60,0,2413,0,905,0,905,6996,0,0,0,44.983,-81.376,6,82.5,7.5,7.9,8.7,0.11,0.324,0.0076,850,300,0.23,15.27,6.28,0,85.43,8.29,124.45,77.92,79.69,8.05,12.64,3.41,1.92,3.76,0.09,1.42,0.13,53.3,4326
604,1,1,0,0,0,0,1206,0,0,0,0,0,0,0,0,0,0,0,0,0,784,0,0,0,0,0,0,0,0,0,0,0,0,0,0,0,60,0,0,0,0,0,0,0,60,0,0,121,0,0,0,0,60,121,0,0,45.083,-81.594,35.9,76.8,10.11,8.07,11.55,0.14,0.317,0.0065,766,307,1.55,21.17,26.31,0,20.86,52.83,43.54,3.51,13.55,7.62,15.74,2.93,2.02,8.21,0.07,1.25,0.24,40.25,4326
611,1,1,0,0,0,0,3076,0,0,0,0,0,0,0,0,0,0,0,0,0,1267,0,0,0,0,0,0,0,0,0,0,0,0,0,0,0,422,0,0,0,0,0,0,0,0,0,0,0,0,663,0,663,241,302,0,0,45,-81.25,45.5,72.7,12.77,7.98,4.45,0.09,0.303,0.0045,1042,506,0.54,12.02,8,0,83.19,8.81,132.27,70.29,100.03,8.95,7.03,3.15,2.64,4.88,0.06,1.57,0.1,58.4,4326
612,1,1,0,0,0,0,603,0,0,0,0,0,0,0,0,0,0,0,0,0,0,0,0,0,0,0,0,0,0,0,0,0,0,0,0,0,7298,0,0,0,0,0,0,0,0,0,0,60,0,60,0,0,2533,0,0,0,44.935,-81.122,26.6,71.3,11.43,7.84,7.89,0.16,0.281,0.0027,2010,848,1,23.2,7.082,0,6.554,86.364,35.022,13.095,18.151,8.8,13.1,4.5,3,9.3,0.13,1.5,1.5,33.9,4326
613,1,1,0,0,0,0,2774,0,0,0,0,0,0,0,0,0,0,0,0,0,0,0,0,0,0,0,0,0,0,0,0,0,0,0,0,0,5850,0,0,0,60,0,0,0,0,0,0,362,0,422,0,422,2292,0,0,0,44.901,-81.084,20,75.7,9.46,8.59,9.6,0.12,0.23,0.0055,2007,572,1.21,22.1,42.8,0,2.55,54.66,15.96,1.29,5.84,9.28,12.49,4.49,3.07,7.68,0.12,0.31,0.1,38.16,4326
615,1,1,0,0,0,0,422,0,0,0,0,0,0,0,0,0,0,0,0,0,302,0,60,0,0,0,121,0,0,0,0,0,0,0,0,121,16828,0,121,0,60,0,0,0,0,0,0,5911,483,1146,0,4584,2593,0,0,0,44.966,-81.005,12.5,75.3,9.23,8.43,19.7,0.11,0.236,0.0045,140,20,0.13,33,0.25,0,99.46,0.29,223.27,134.52,174.65,3.26,32.15,3.1,0.94,8.35,0.16,0.31,0.06,19.84,4326
616,1,1,0,0,0,0,20869,0,0,0,0,0,0,0,0,0,0,0,0,0,1749,0,0,0,0,0,0,0,60,0,0,0,0,0,0,0,11701,0,0,0,181,0,0,0,0,0,0,4282,60,1990,0,121,4584,4704,0,0,44.783,-81.099,27.1,71.8,11.99,8.17,9.5,0.13,0.323,0.0058,975,295,0.7,10.26,0,0.9,97.69,1.41,414.21,185.08,286.66,7.39,7.77,2.61,1.65,4.81,0.07,1.39,0.14,63.13,4326
701,1,1,0,0,0,0,0,0,0,0,0,0,0,0,0,0,0,0,0,0,362,0,0,0,0,0,0,0,0,0,0,0,1387,0,0,0,2473,0,0,0,0,0,0,0,0,0,0,5066,0,3257,0,181,14837,121,181,0,44.601,-80.931,22,72.4,12.07,8.2,8.3,0.12,0.266,0.0049,1320,677,1.04,8.48,27.03,0,11.54,61.43,27.73,3.21,11.94,9.01,2.19,4.15,3.8,2.69,0.11,0.83,0.2,51.05,4326
703,1,1,0,0,0,0,0,0,0,0,0,0,0,0,0,0,0,0,0,0,3076,0,0,0,0,0,0,0,0,0,0,0,0,0,0,0,0,0,0,0,0,0,0,0,0,0,0,0,0,121,0,0,60,0,0,0,44.667,-80.881,58.9,71,12.3,7.8,4.61,0.13,0.298,0.0031,2940,1490,1.9,8.95,9.806,0,7.365,82.829,30.13,9.157,14.951,13.4,0.8,6.5,4,2.5,0.33,1.5,1.5,51.5,4326
704,1,1,0,0,0,0,0,0,0,0,0,0,0,0,0,0,0,0,0,0,0,0,0,0,0,0,0,0,0,0,0,0,0,0,0,0,181,0,0,0,0,0,0,0,0,0,0,0,0,362,0,0,181,181,0,0,44.711,-80.842,67.9,70.6,12.31,7.87,4.41,0.15,0.299,0.0043,3010,1540,2.1,10.1,9.744,0,2.876,87.38,27.718,8.629,13.86,13,0.7,7,4,2.4,1.05,1.5,1.5,49.1,4326
705,1,1,0,0,0,0,5428,0,0,0,0,0,0,0,0,0,0,0,0,0,0,0,0,0,0,0,0,0,0,0,0,0,0,0,0,0,422,0,0,0,0,0,0,0,0,0,0,0,0,0,0,0,1809,1267,0,0,44.716,-80.883,90.1,71.7,12.31,8,4.56,0.1,0.367,0.0057,1870,727,1.55,8.61,39.38,0,0.6,60.01,13.4,1.78,5.45,13.01,2.35,6.13,3.77,3.22,0.12,0.86,0.27,59.62,4326
706,1,1,0,0,0,0,1508,0,0,0,0,0,0,0,0,0,0,0,0,0,181,0,0,0,0,0,0,0,0,0,0,0,0,0,0,0,302,0,0,0,0,0,0,0,0,0,0,0,0,0,0,0,483,1206,0,0,44.75,-80.799,51.5,73.2,12.65,8.02,5.2,0.1,0.317,0.0044,950,460,0.7,6.35,47.95,0,18.67,33.38,21.03,0.62,7.81,13.42,1.11,8.67,3.68,2.08,0.65,1.12,0.27,62.75,4326
712,1,1,0,0,0,0,0,0,0,0,0,0,0,0,0,0,0,0,0,0,1689,0,0,0,0,0,0,0,0,0,0,0,0,0,0,0,181,0,0,0,0,0,0,0,121,0,0,0,0,60,0,0,0,181,0,0,44.682,-80.415,81.7,71.4,12.18,7.89,4.49,0.13,0.297,0.0037,2590,2010,1.3,8.28,18.97,0,7.139,73.891,19.555,4.6,9.216,13,1.4,8.8,3,2,0.35,1.5,1.5,54.3,4326
716,1,1,0,0,0,0,0,0,0,0,0,0,0,0,0,0,0,0,0,0,121,0,0,0,0,0,0,0,0,0,0,0,0,0,0,0,422,0,0,0,0,0,0,0,0,0,0,0,0,121,121,0,1749,0,0,0,44.549,-80.167,50,71.2,11.87,7.96,6.15,0.17,0.29,0.0031,3020,1170,1.7,8.37,23.606,0,8.329,68.065,18.678,4.064,7.911,13.3,1.9,5.5,3,2.3,0.16,1.5,1.5,55.8,4326
